account_status,duration_months,credit_history,credit_amount,savings_account,employment_years,installment_rate,marital_status,age,other_debtors,property,other_installments,telephone,foreign_worker,default
3,57.383502357307194,2,8860.983019044612,1,4,3.0833144387841016,2,51.94967156753013,3,3,3,2,2,0
3,29.360363584737946,5,987.4657287356266,1,1,2.1823027753726816,1,34.51045809729557,2,1,2,2,2,0
3,32.45564760892473,2,8771.407600525838,3,1,1.5808711018938824,3,43.53073072003332,3,3,1,1,1,0
4,60.808622369177925,3,7100.775261373848,1,3,2.1983141646200792,1,45.35328335090539,2,3,3,2,2,0
4,34.3885352983605,5,7318.7430096411845,5,1,1.635308828692895,4,46.71968563169404,2,1,3,1,2,0
1,29.861796931042452,2,7463.009517921663,5,3,1.425354799496545,3,35.29796964354252,1,2,2,1,1,0
4,16.13988826640618,4,704.5701567932658,1,2,3.890577568409416,1,62.16522698200257,2,3,1,1,1,1
3,25.483775153024034,2,6151.922353817177,4,2,3.300083869737451,1,46.18068262930319,3,3,3,1,1,0
3,28.96333060975391,2,1599.3577408892443,1,4,1.3424912058922203,2,33.881829016807544,3,2,2,2,1,0
2,21.82295134329103,4,4773.641464705322,3,2,1.1707431136014144,3,34.518542811462595,3,3,3,1,1,0
4,64.38773233206345,3,1920.5245816517827,2,4,2.640203382578557,1,37.405234381171425,2,2,2,2,1,0
2,24.908822594591268,4,4314.903150919159,2,2,3.1817719635195205,1,51.709825684200744,1,1,1,1,2,0
4,67.85659994723983,4,6498.7251462364975,3,4,2.2665011875854626,4,72.1507506584731,3,4,2,1,1,1
2,70.24435624694559,3,1255.6523973734072,4,4,2.633589466692416,4,29.329657992131956,1,1,1,2,2,0
1,55.98894305996306,1,12676.42269714145,1,3,3.3449284362965037,4,26.56948454633543,1,4,1,2,1,1
3,30.137471121936258,2,11919.755573309241,1,2,3.399258671526038,4,67.64268135263828,1,4,3,1,1,1
4,26.34479953824507,4,3095.446272498279,5,4,3.461650148851485,1,45.891955107084115,3,4,3,1,1,0
4,47.278662782554676,3,3953.9899915751207,1,1,3.7161343930319894,1,51.543310086494664,3,1,3,2,2,1
4,36.72897845225217,3,14831.835403122477,3,1,2.6525046898962086,1,38.88878035089291,2,4,1,2,2,1
2,39.62080687164897,1,5590.558714721192,1,3,3.976731463589937,3,32.69296678591892,3,3,2,1,1,1
3,58.97492092906312,5,917.0407999571311,5,2,2.569788094015844,3,36.67735744718037,1,4,2,2,1,0
1,13.547369159060551,2,6544.919238685682,3,1,2.7303519224438046,3,30.982996252790855,2,2,2,2,1,0
1,34.738136389772464,3,10958.422929718849,2,3,2.0099308288766573,2,40.37240855303469,3,4,1,2,2,1
3,35.08496324691116,1,33228.23418206602,5,2,2.3651272393574176,4,53.3921386052224,1,4,3,2,1,1
1,38.382027652590665,2,1398.5859931792143,5,2,1.6759397542247496,1,18.0,1,2,3,1,1,1
3,52.37049298972147,1,3890.8171485505427,1,2,3.6681514895438867,2,53.05407306517606,2,2,1,2,2,1
3,72.0,5,2504.9700431229962,4,3,2.2659738745469578,2,32.997995465663536,1,3,3,1,2,0
3,32.382628931793924,4,10135.36197854746,2,4,3.104089763938214,4,51.22882272877141,1,1,1,1,1,0
3,48.22913608940929,2,28946.73464899846,3,3,2.9992220372007687,1,33.114100532178256,2,3,2,2,1,0
2,18.890907497956327,3,11802.31594309332,3,4,2.5760355802059514,1,53.34625934295543,3,2,1,1,2,0
1,38.059093948809064,4,3320.105049337232,5,1,3.7389685529974592,2,44.025051859278896,1,2,1,1,2,1
1,61.600626873721495,3,7846.523054265301,4,3,3.0818998498713808,1,27.79565586311257,2,3,1,2,2,1
3,41.11065808908242,4,5121.026582096813,1,3,2.7299400700291314,1,63.50291029768701,2,2,2,2,1,0
3,68.50438052059032,1,17394.37406796523,2,3,3.7733251138533612,2,40.88907995517543,3,2,3,2,1,1
2,25.09390079811901,3,10214.562976695475,3,1,3.774416549577049,2,56.0025861235781,2,1,3,1,2,0
2,40.02417906264284,5,5177.670870750947,2,1,2.11667395230144,4,58.98665553105182,3,2,3,1,2,1
1,11.455930196640399,4,3511.2108458264433,3,3,2.691825599387908,2,66.70807597236669,3,1,3,2,1,0
2,55.681660572251104,1,4513.848338707209,3,1,3.4664095761947307,3,25.425569556991576,3,3,1,2,2,1
2,16.10000356483427,2,11823.54036390103,3,3,3.2592372080022565,2,27.404026037061648,1,2,2,1,2,0
4,38.100661916597446,5,2270.5817030637677,3,4,2.5260493721339485,3,18.0,2,2,1,1,2,0
2,71.63946855831455,1,4967.911214855521,5,4,3.796203401672053,3,36.27812123176971,1,2,1,1,1,0
3,46.56818928432854,2,16225.55455297118,2,1,2.2148839064699706,3,36.05128357188388,2,3,1,2,1,0
1,21.544897344385305,4,577.6090760552339,1,1,1.0257247942011993,3,25.670727362102408,2,2,2,1,2,1
4,4.0,2,3036.5696639642247,3,3,3.821328845938452,3,33.7089540067838,2,3,1,2,2,0
3,16.36350492507706,2,3607.2746091087038,5,3,1.265568764868664,3,65.98832254697099,3,4,3,2,1,1
2,44.47202321466527,1,16404.218966203818,5,2,3.456401764231949,2,33.65719337902338,2,1,2,2,1,0
3,51.2452914637462,2,11293.058479964615,3,3,3.4211118188288943,4,56.253086585465525,3,4,2,2,2,0
1,34.90178209449959,5,1927.2319564537272,1,2,2.640193384831875,4,37.57085635337045,2,2,3,2,1,0
2,14.200802787394426,3,2155.0511631237905,4,4,3.9669093449085544,1,18.0,2,2,1,2,2,0
1,30.396502717685948,1,5084.019552841663,2,3,2.6116783124367675,1,57.91908207239963,2,4,1,1,2,0
3,31.294340055710613,4,2100.7798515377253,4,4,2.6893605771993907,4,42.47537265436609,1,3,2,2,1,0
3,56.9721083529179,2,27292.628802657408,5,1,1.5162133729001936,4,18.0,3,4,3,2,1,1
4,51.82884303577003,5,3399.562849702286,1,1,1.368747049643595,3,37.462069735647184,1,3,1,1,1,1
1,41.40918774731448,3,13053.923946940125,5,4,2.0756129989046803,2,32.95537586493892,3,2,2,2,1,0
2,55.058852238409216,2,2213.4493409328825,3,1,3.4123984204656574,3,63.25173025066193,2,2,2,2,2,0
4,42.788981764249236,3,2563.4977820145564,1,2,2.475166006682146,3,44.62516750863296,2,3,1,2,2,0
4,55.48239511497224,3,10705.843722149692,1,1,3.47816582607455,2,46.07646822071109,3,4,1,1,2,0
3,45.338160138690604,2,18473.24549188757,5,1,1.8337070220912883,3,20.25414770516065,3,2,3,1,1,1
3,42.88263317466898,2,794.7696893793664,1,1,1.6115730156455084,4,18.0,3,4,3,2,2,0
2,35.37814627741751,3,23975.039716829913,3,4,2.039932685509662,2,25.49435897276723,2,4,2,1,1,1
1,70.751615139063,3,3004.2951316824724,4,1,3.5128547677561195,1,28.338393635666222,3,4,1,1,2,0
1,44.125850868656585,2,20134.908885310375,5,4,3.1127960409827837,4,43.79654270198674,2,3,3,2,1,0
2,29.408520287357735,5,686.3868523622679,2,2,3.1083893937380074,4,31.732605351891127,1,1,3,2,1,0
2,12.88758811718668,4,2644.9582832038823,5,2,2.9448154890047267,2,26.90828974435027,2,4,1,2,2,0
3,59.24199908591676,2,1714.036033850948,5,4,1.8062876899948133,4,20.057750771711746,1,3,1,1,2,0
2,33.58044207371792,2,4504.467270214849,4,1,3.6268644567958908,1,21.655625263878502,2,4,1,2,1,0
2,40.24270172255051,4,5781.4829050236285,3,1,2.3606063322759345,2,41.62804306252982,3,2,1,1,1,1
3,63.331812939658946,2,6438.4430324467285,2,4,1.7577945739161542,1,53.616367158926366,1,4,1,1,2,0
3,45.530695030870476,1,14431.61988001653,5,4,1.288455949218832,4,30.207178251124233,3,2,3,1,2,0
1,45.34912577487576,4,5905.999565048676,2,3,3.958903273796475,4,59.0620405982198,3,4,2,1,1,1
1,44.348082256936436,5,2743.686649941652,3,1,2.209479114820043,2,18.0,2,2,3,2,2,0
1,39.01270942127953,2,18415.206726721462,5,3,3.1062620089438906,2,18.0,3,3,2,2,2,0
2,29.137916302419676,2,9493.218162769334,4,4,3.788302411998688,4,37.03589206169461,3,1,3,1,1,0
1,44.66079341877182,5,9149.59830801014,3,1,1.093255571574013,3,18.0,3,4,2,2,1,1
4,20.683933449204105,5,3814.6799586850643,3,4,3.6881526343982314,3,37.229439555713974,1,4,3,1,2,1
2,29.64761157241552,5,8727.972226341895,1,2,3.7292791209601557,1,35.80811548844873,2,2,1,1,2,0
4,4.0,1,4797.5525308426095,1,4,1.6570836913347375,3,67.76655840223901,2,4,1,2,1,1
4,20.28455083674106,1,2538.1350149821824,2,1,1.9926768409305797,1,32.808236838985465,3,3,1,1,1,1
1,47.260035521291876,2,5073.725721539017,1,2,3.650277553160241,4,30.16966828832595,2,1,1,1,1,1
2,46.51457846809349,4,2110.040918105676,4,4,2.487629026068221,1,29.184632889039936,3,2,3,1,2,0
4,48.52040131363918,4,5460.907780487389,2,2,3.4815200810408804,1,54.011655579228545,2,1,2,1,2,0
4,4.0,3,14562.560890138147,1,2,1.0193995913074394,2,18.0,3,1,1,1,2,1
1,37.52464354765275,3,2798.6366716953567,2,3,2.438054368471974,4,48.555917543069356,3,3,2,2,1,0
4,55.108681900533256,2,2579.278818331738,1,2,2.590167898053294,1,59.69200834613218,3,1,1,2,1,0
1,49.058370814668834,5,23839.18916886847,5,2,2.890339297606896,3,30.09207423326286,2,1,1,1,1,1
1,34.57572777121983,3,3939.9562259592,5,1,2.2076073092351103,1,18.0,2,2,3,1,1,0
3,47.875892009549844,3,2658.7534487719913,3,2,1.0495987753837122,1,27.638994240487985,2,1,1,1,1,0
3,17.873497133661935,1,2420.078351573493,4,1,2.5163912425199246,4,80.0,3,3,3,2,1,1
4,53.70610310268885,5,699.8921711659746,3,2,2.6748329116513823,4,33.950624550449,2,1,1,1,2,1
2,31.566979025885082,2,46184.58731953066,3,1,2.0790681858425866,4,29.919449617958605,1,4,1,2,1,0
2,20.908452370708787,5,7589.496937070892,3,2,3.7174989315834828,2,43.72505576189889,1,3,1,1,2,0
4,35.25429487036526,2,2259.025047140917,4,3,1.8847397562489836,2,54.20544251298744,3,2,1,1,2,0
3,24.638827609727745,2,11493.449481914991,4,3,1.1320800335398615,1,35.884913166256055,2,2,1,2,2,0
2,14.723889499170287,1,5773.158462004329,3,2,3.5612176242844766,4,55.434217544102964,2,4,3,1,1,1
4,32.06726620590708,3,4458.9758585837,5,3,3.981217917489882,3,32.215472937818504,3,2,3,2,1,0
2,41.00811086769928,2,7463.67162379549,5,2,3.4513486250434675,4,41.66589680907029,2,2,2,1,2,0
2,50.32740020112827,2,13770.73643415194,2,1,1.6386118620964634,4,55.176571668113425,2,1,3,2,1,1
3,44.36435576515234,2,3498.1961751409153,5,3,1.5509531092474957,4,37.887124686281815,2,4,3,2,2,0
2,72.0,2,36308.0896331874,2,1,1.260998739280737,1,32.112616850542416,1,4,1,2,2,0
1,40.817442539343126,5,2111.5784584903663,4,1,3.638484491549632,3,32.33384988413172,1,1,1,2,2,0
3,64.41086732519548,5,6806.8608930802975,5,4,3.2296221189892527,1,38.87961717214711,3,2,3,2,2,0
1,40.3096278396028,1,8305.493643504484,3,1,3.8062621576912385,4,59.547014000801695,1,1,2,1,1,0
2,48.471268560811566,4,3964.4235976823247,2,3,2.9803021370133136,1,43.07184910710923,2,3,3,2,2,1
2,36.642189310828975,3,24638.40761763811,4,2,1.1276081767959614,1,35.18966866683464,2,3,2,2,2,1
2,43.10400460602925,2,20445.70496946352,4,3,1.9503521973536735,4,62.079610923109186,1,2,1,1,2,1
2,46.37833581533783,4,21419.047033464245,2,4,2.819138090199946,4,37.46292784453339,1,1,3,1,2,1
1,54.212318015531864,4,4825.034833994404,2,2,2.498541195320195,1,50.143150965688164,2,1,2,1,1,1
2,6.3894570970886555,4,6564.291850441438,1,3,1.2626742137560363,4,36.321203755263014,1,1,2,2,1,0
3,31.069136719262932,2,23258.07952427199,1,2,1.0910448648414965,4,37.78961388559026,3,2,2,2,1,0
1,18.316911430735903,3,2252.4004664907497,1,3,1.8656257580894997,4,64.13526676688167,1,3,1,1,1,0
4,4.0,3,11800.265007747948,2,2,3.0624753847703867,1,39.42096212673439,3,4,3,1,2,1
2,46.07023466284506,2,25224.732482680836,4,3,3.8353293763088487,4,46.96546603375294,2,1,1,1,2,0
3,31.115829398903262,1,1671.3727359796358,4,2,2.966096883050267,3,33.32125237674908,2,3,2,2,1,0
3,25.34058103685789,1,595.2135301686799,2,4,1.0878606520264111,1,50.95259670393806,2,3,1,2,2,1
2,39.32750643931288,4,2192.374092893224,1,3,3.5243104753423964,2,45.956546699568676,3,4,3,2,1,0
4,48.847731578108714,2,2279.5213718992663,3,4,1.1843243771430667,2,57.537390604731584,2,2,3,1,2,1
1,46.2075327900226,1,3426.5856334874625,1,1,3.1645141135976624,1,18.0,1,4,3,1,1,1
1,25.528852752000958,5,7804.7693184902555,4,3,2.33934717333251,3,57.766760669233946,1,2,1,1,2,0
1,38.31301088008045,3,3553.719573189194,2,4,1.7639953152038155,3,18.0,3,4,2,2,1,1
3,51.8519832522972,5,6971.408810235341,2,4,2.9590676829507636,4,39.69335228703759,2,4,1,2,1,1
1,4.0,5,1119.9296191870794,5,4,3.1150226183367486,4,18.0,3,2,3,1,2,0
2,19.118740200669407,1,69963.1550416221,4,2,2.5364552692683078,1,28.77453475513261,2,2,1,1,1,0
3,34.42589018028731,3,7466.908377315556,3,1,3.392960005465682,1,20.103886327122982,1,4,3,1,1,0
4,8.96024170163319,5,6541.005674476372,3,2,1.7146811090678373,3,36.678201355817244,1,1,2,2,2,0
4,17.25767984437882,3,3639.2302164293596,3,4,2.010223175484916,2,54.77483780477016,3,2,1,1,2,1
4,59.37411745026188,5,955.2714711267278,5,3,2.939593600673445,2,62.76382431828834,2,4,3,2,1,1
2,39.94336902609148,3,2928.162214198698,5,3,2.427033946805966,1,35.26657251772743,1,3,2,2,1,0
1,35.420531910582504,2,1724.7878662603564,1,1,1.2392582665887244,1,18.0,1,3,2,1,1,1
2,18.296875023777186,1,936.9864543970141,3,2,1.3747113276149188,4,18.476957050898395,3,1,2,2,1,1
4,28.514645233130672,2,3113.810709025448,3,1,3.333903377581876,2,18.0,1,1,2,2,2,0
4,11.52206490544177,3,3672.3769218848306,2,4,3.215761382342486,2,24.571260111415747,2,1,1,2,2,0
3,30.719721973265617,1,2298.0126436735436,3,1,3.4359784914730387,4,20.846603423678758,3,2,3,1,1,1
4,4.009263748638162,1,6583.193881072376,1,4,1.3524959396614826,3,48.65611548786765,2,3,3,1,2,0
3,59.53379077130466,4,8592.590480613648,5,3,1.9849141204631462,1,36.3210004340053,2,4,2,1,2,0
4,19.786005009061636,2,7964.049209631238,4,2,3.3342749159373204,2,67.9254036570019,3,1,3,1,1,0
4,17.543422748062827,5,5490.221030057388,4,3,1.8382632374756296,3,18.0,2,3,1,1,2,0
2,34.0466401397978,1,2166.3152311799604,4,3,1.0734411983305945,4,37.038957731824745,1,3,2,1,1,0
2,43.344911789585154,5,1138.4523923533561,1,2,3.371891713105428,1,29.998860923031266,2,4,2,2,2,0
1,37.49800168719932,2,3145.7727331328547,1,3,2.0494566614659266,1,50.45370645595339,3,1,3,1,2,1
1,48.651497361010556,4,15514.97768758196,5,2,2.5288009141917165,2,49.79154371058242,1,2,3,2,2,0
2,21.19177289708306,1,2947.6785431678827,5,2,1.199134540209292,2,41.12792727308547,2,3,1,1,2,1
3,38.240282848772964,4,5120.686257469188,2,4,1.873166737355254,4,59.07248364593135,2,3,3,2,2,0
3,36.39271294570808,4,2424.7228676784543,1,1,3.4900789730265385,3,18.0,3,2,3,1,1,0
3,43.63981798879744,3,3935.219119028947,2,3,1.3292843394499094,1,47.491067576839725,3,2,3,1,1,1
4,44.08472664255406,4,5212.142535437706,4,4,3.0850309674807104,4,19.724775421100794,1,4,3,1,1,0
1,51.076124556565546,5,3579.63713147716,4,1,2.0944852580981044,1,18.0,3,1,1,1,1,0
1,71.23650510195,4,912.3993402267103,4,3,2.1142028583351786,4,57.7930224169976,3,2,1,2,2,1
3,33.61965594293441,3,982.598850719589,2,2,1.4953421587602023,4,42.02975547537499,1,4,2,1,1,0
4,15.850838007216684,2,11433.818608574773,3,1,1.0497767384896173,4,41.29988620429451,2,4,3,2,2,1
4,26.56144073192545,1,1452.7128399635071,5,1,2.399645058446972,2,55.891572921956964,3,3,1,1,2,0
1,29.763135098675885,2,4161.47698681982,5,4,3.9504543875704177,1,55.19197940068611,3,1,2,1,1,1
1,48.02697490345202,3,3504.241732512443,2,3,3.503105079320729,2,48.40075049086762,2,2,3,1,2,0
4,47.77547031090611,5,2584.2717383436784,2,4,2.4093365408810334,4,47.147436465757835,3,2,2,2,2,0
1,40.63030740085948,1,6753.759988634178,3,2,2.8236878387156827,1,58.976022440562794,2,1,1,2,1,0
3,38.66358668988278,5,13014.623346542132,4,4,2.9295517728174865,3,40.84896001257727,2,4,1,2,2,0
2,30.419025865376227,2,9756.51354341046,2,4,3.621042923586134,4,33.46340981341651,2,3,2,2,1,0
1,35.92217673301452,1,13978.71469906974,4,1,2.75678847948161,1,38.60592962783913,3,2,3,2,1,1
1,13.542068150493233,5,10866.91525808322,3,1,3.781945671602882,1,33.30871498792563,3,4,2,2,2,1
2,34.39194457452288,1,4365.666640815561,5,2,3.0737376237096203,3,38.36320541036864,3,3,3,1,2,0
2,39.619562638161575,2,17832.30586561792,2,1,1.5271064746683805,1,29.33061634571812,2,1,3,2,2,1
4,54.02187129846417,5,20683.73881863702,3,2,2.574010065972031,3,49.42201955077054,1,3,2,1,2,0
2,8.63919022963313,1,1505.2194407036905,2,2,1.8274800434588836,4,35.48231222818185,2,3,2,1,1,1
4,42.31764812057611,1,26145.26430135571,1,1,2.9267199490831746,2,34.16970862656018,2,1,2,2,1,1
3,68.08605371224532,5,9346.758102649706,1,1,2.0700540132155267,1,50.78236098063586,1,3,1,1,1,0
2,40.54704583651435,2,23404.57710560506,5,3,3.6362122987612935,3,18.0,3,2,3,1,2,1
2,32.87908042042249,3,27744.236625195226,4,4,2.491657172133709,2,50.21665399409238,1,4,1,2,2,1
4,48.04218243870069,1,7405.247490852674,2,1,2.13769609849312,2,32.15553369406554,2,3,1,2,1,0
4,36.609764907820235,5,6334.414203420648,3,4,2.9305129568088013,3,36.564983850038246,3,1,3,1,2,0
4,15.750786093812568,5,6876.323675756081,4,1,3.0654875967284356,2,24.272352975977256,2,1,3,2,1,1
3,34.710900037293825,5,3906.430402102837,2,3,3.7779283405300044,3,25.948096603678618,1,3,1,1,1,0
3,48.57058726835569,3,2176.922131802292,4,2,1.4024741885616434,1,18.0,1,3,3,2,1,0
1,4.0,4,11015.351809972453,2,1,1.087688925782049,1,42.81811369954706,3,1,1,1,2,0
2,28.96712192562404,5,17584.96939670488,4,2,2.7026205509999603,2,18.967809965812354,2,1,2,1,1,0
1,13.057063966074743,3,15903.88936517901,2,4,3.8260328789659996,1,26.391690338917908,2,4,3,2,1,0
3,35.00124286055409,4,1684.915994727948,4,4,3.138112186889283,2,33.87807118317188,3,4,2,1,1,0
3,46.40437923906577,3,1083.2679619957166,1,4,2.457867137552599,4,27.978665362303524,2,2,1,2,2,0
3,32.34595978988043,5,5194.4321675067395,3,1,1.2066253150040032,2,47.37461348402093,2,4,2,1,2,1
4,26.883729897517266,1,2058.837138228726,4,2,3.8598634060161423,1,44.86323168226696,2,2,2,1,1,0
1,22.060997776036338,5,3873.1140836478407,5,2,2.622938886046968,3,26.069646923534243,2,2,1,2,2,0
1,22.219800843499186,3,5190.580138147344,4,1,1.476925235730143,2,31.934441100962793,2,4,1,1,1,0
1,47.24141757976197,5,5434.197046502114,3,2,3.880548305823214,1,28.658482674684457,3,4,3,2,2,0
2,45.94314712210404,2,2855.648220797888,3,4,1.0349249651916912,1,51.84649171049363,1,2,2,1,2,0
1,66.4338913262668,3,11529.659320495564,2,1,3.7404250221501294,1,68.46048481592209,3,2,1,2,2,0
1,44.66854096081306,3,22993.25466074815,5,2,2.2812710645611394,1,27.6547810049048,3,4,1,2,2,0
3,53.73017735700151,5,23671.778756758427,2,3,3.768138206902995,4,28.695205460584578,1,2,1,2,1,1
3,16.60682649671658,3,4969.774774300576,1,2,1.4470689247240092,4,27.739814122410422,2,3,3,1,2,0
1,31.496991535843243,3,12613.468024251944,1,4,2.879863285645853,1,40.748795965727105,2,2,3,1,1,1
2,14.618835803491574,3,10173.896048671391,1,3,2.715400500516519,1,73.03679641660808,3,4,1,1,2,0
1,31.214548574544125,5,5386.80878729879,5,4,1.971483542866503,4,24.73237448705681,3,4,2,2,1,0
3,25.69457380915548,5,2753.6977181057687,5,3,1.9144094103865794,2,53.335083771373995,2,4,3,1,2,0
3,41.20703662366431,5,16209.071603793163,5,2,1.7803544321532252,4,27.501061891940203,1,2,1,1,2,0
3,34.90312870331703,5,5046.3356942449645,4,4,2.345055207087794,2,46.00579090176829,3,4,3,2,1,0
3,46.93324463426959,4,2602.8037162759847,3,1,2.539766865257162,1,18.0,1,1,1,1,2,0
1,57.25022636146698,1,14243.752463837258,1,4,1.6092647838884633,3,48.724163488050685,1,1,2,2,2,0
1,41.3581993288848,5,3173.3330834939156,3,3,2.875155195962748,4,31.056958532007798,3,1,2,2,1,0
2,34.69706997492888,3,2496.5989923365933,3,2,1.082161989525481,1,29.25634656834415,1,4,3,2,1,1
3,39.16979489886081,3,3863.2813801474917,3,2,2.919297575608692,4,49.566605349664826,3,1,2,1,1,0
4,69.13723510840117,2,11301.218425247192,1,4,3.904263652717464,3,21.813570813097943,1,2,2,2,2,1
4,21.377840278281177,5,4126.636634352129,2,2,3.705762948939003,2,21.878469457286993,1,4,2,1,1,0
4,36.56987494249505,1,9564.794001892289,2,4,3.377036414466797,3,43.72563568192657,2,4,1,1,2,1
2,18.276585815404943,4,858.4277114788521,4,2,1.564317824838483,4,18.0,2,2,1,1,2,0
3,30.0790699866685,1,2290.7294311368146,4,3,2.0260424844502967,4,51.44317688759885,2,4,2,2,1,1
1,46.32689955934104,2,4784.175486620559,2,1,2.3739752717803304,1,20.51026312821746,1,1,3,2,1,0
1,42.527556216408094,1,5875.687408404721,2,2,1.5844274389232695,1,35.55353978517455,1,2,2,2,2,0
1,37.32086562545426,5,3239.1121567744767,1,1,2.6477521160976556,2,52.539432699477864,1,1,2,1,2,1
2,9.059772320810968,2,7171.983325743153,1,3,2.483170033460857,4,34.11365428120859,2,3,2,2,1,0
1,50.54001441540904,3,23099.02278580123,3,3,2.7741945702985675,1,56.59188180876937,1,3,1,1,2,0
1,59.61036636118336,5,2359.68306006244,2,2,3.2467110244388775,2,32.16560457516652,1,3,1,2,1,0
1,7.60685064951614,5,17803.40465429544,2,1,2.305100538179344,3,34.84978412717731,2,1,1,2,2,1
2,46.82582671532275,2,3562.834374134646,5,1,2.0493958598282744,4,32.06068633294954,1,4,2,2,1,0
1,14.16964986299065,4,21613.686827737718,4,1,2.52095191988198,3,27.78345988592933,2,3,2,2,1,0
1,53.83953381486025,5,10355.390427382557,3,1,3.7935951060702227,2,43.2658342370021,1,1,1,2,2,0
1,51.11199543427816,5,2549.35516438674,4,1,2.5002299519090148,3,62.704814408933956,1,4,3,2,1,0
4,60.510840190399236,4,8337.78970395352,5,2,3.668321495533119,3,32.46001587176662,3,1,2,2,1,1
1,26.770173426200017,1,1253.9840329178382,5,4,1.3715476279219971,1,37.358230046369485,1,2,3,1,2,0
2,25.052030073395926,2,1668.0527404297231,5,2,3.343961026451406,3,42.40469195214299,1,1,2,2,1,0
2,69.98795354970184,4,2885.926292175241,3,2,1.8234002756103829,1,62.50177419921701,2,3,3,2,1,1
1,32.90494552220984,1,5635.854588958741,5,3,1.7928180096567639,1,61.0426256730767,1,3,3,1,1,0
2,27.196844222033555,4,1584.1737076395927,5,3,3.9882535556457386,1,37.54238693241329,1,3,2,1,2,0
3,21.931110781411356,5,630.2887311766596,2,1,1.3474242041893247,4,58.164733043093335,1,1,2,1,1,0
1,9.852855768395017,1,3232.8442519732553,2,4,1.844784351371713,1,43.17202867815199,3,2,2,2,1,0
2,29.39530885489429,1,3266.608881802433,2,4,1.8101802048382294,4,39.060582268878754,1,2,1,1,2,0
1,51.94528163125736,5,1043.4949916166815,5,4,1.0575950483113035,3,41.93075849313235,3,2,3,1,2,1
3,10.147707712044312,3,3151.9175205014235,5,3,2.4929765774258126,1,33.706217566268926,2,3,2,1,1,1
4,34.246836461160484,3,9490.831374883484,1,1,1.7091051443202594,1,30.600515455212324,2,4,3,2,2,1
3,36.6672986986675,2,1921.2484844349883,3,1,3.6126003158982725,1,44.834366309916305,2,1,3,2,2,1
1,13.839209788149926,3,5040.5499740935475,4,1,1.1492695306764698,2,28.753173063834208,3,2,3,2,2,0
2,11.120594764063643,4,3534.446184984635,2,1,2.2160936965998213,1,32.46001454570617,2,1,3,1,1,1
2,33.5485453916563,5,2765.7572272393595,3,2,2.9605809727206975,1,45.464632442295475,2,2,2,1,1,0
3,54.65705264950954,4,418.9813918014938,4,3,3.16545837931257,2,38.08312981753199,3,4,3,1,1,0
1,17.411522710940513,1,14615.728694830646,1,1,3.2933743539762723,2,74.16551746170218,2,4,2,2,1,1
4,26.984320717539198,2,7299.725485260395,3,3,3.6980156029007456,4,22.54985366236538,2,4,2,2,1,0
1,35.39259857172184,4,1956.306977410093,1,1,3.8300988308183124,3,27.36425076033605,1,4,3,1,2,1
4,64.22985478026692,3,20397.530543875328,4,3,3.075519311300458,1,55.591783237052844,2,2,3,2,1,0
3,48.522892321778,5,8835.001979499355,3,1,2.9921410753949162,2,72.38523374435503,2,4,3,1,1,0
3,63.695563212053464,3,2077.1587726712287,2,4,2.599403046616738,1,50.22002100890134,2,2,2,1,2,0
1,51.01851267733901,5,15875.198535785408,5,4,2.3041372863110112,4,28.311923026277903,1,4,1,2,1,1
1,54.28188385863154,3,2867.5162915898104,5,4,3.9194271934959657,1,33.142873936858294,2,4,1,2,1,0
2,7.610795572869765,3,1753.8416907540106,4,1,2.9824965559635706,2,19.6171425555605,2,1,2,1,1,0
3,4.0,2,4810.697277587159,1,4,2.828572157964399,2,49.424892429116596,1,2,2,2,1,0
3,52.016381399137614,4,4637.921126596296,3,3,1.8837615283136029,1,38.89646770962625,3,4,2,1,2,0
3,42.69589250974167,5,5535.5426258022,4,2,2.143482266084227,1,18.0,1,1,1,2,2,0
1,4.0,3,3375.1119465815254,5,2,1.7733085632136603,2,39.49050133464276,2,2,2,1,2,1
2,21.408648840135932,3,9210.762769139152,4,4,2.4789097361649413,1,37.473056303267356,2,4,1,1,1,0
2,27.806640592406033,3,1281.6246831529886,1,3,2.1022544446104403,3,20.76175541787445,3,1,1,1,2,1
1,49.75320115079293,1,3220.4371582897543,5,1,3.6332729248661164,4,32.58665346201262,1,3,1,1,1,0
3,37.463014411429164,1,5534.78730115217,5,4,2.5075609673315915,2,36.229833013258,3,2,3,1,1,1
1,51.2080492322272,3,2817.092928594375,3,1,3.9628738137033563,1,43.78558274631526,3,4,2,1,1,1
3,14.088915130151094,1,9159.046509354306,4,2,3.313421948969507,3,30.40082062795331,1,4,2,2,2,0
1,5.635379887047485,4,11242.480401610637,4,3,1.3886825596044914,2,48.529908553497805,1,4,1,2,1,0
3,4.0,2,6920.26272076366,3,4,1.6105899974886042,3,76.1666945710974,2,2,3,2,2,1
1,44.82418301343715,4,1845.5367588707904,3,3,3.7825464759594265,3,54.62879945419176,1,4,1,1,2,0
2,33.55080810953952,3,1263.9759995052775,5,1,3.884534498383652,3,32.68105498783393,2,1,1,1,1,0
1,38.08075753664051,4,4399.635712129634,2,4,1.0143784126452204,2,44.054251556659985,2,4,1,2,2,0
2,39.11969546217918,4,4412.5718328959365,2,1,2.366394145678613,1,64.2465353828317,2,3,2,1,2,1
4,4.0,3,25575.106062430703,1,4,1.7693581484097465,1,57.330812803967845,2,4,3,2,1,0
2,34.25124797317701,4,3457.714766966306,1,2,1.8317934758762358,2,37.37360645573175,2,3,2,2,1,0
1,54.34487718423649,3,5761.919092127252,3,1,2.5013382085650244,1,47.65060506712173,3,2,1,2,2,0
2,55.574628427845525,5,4251.592675464599,4,2,2.702941431463642,4,58.81919186315212,2,4,1,1,2,0
3,23.308578175032793,4,1841.8751508306661,2,4,1.1906789906868083,3,48.07777547348668,2,4,3,1,2,0
3,24.501279316995717,2,4412.641940117329,3,2,2.9742776743321913,4,32.04355427141886,3,3,1,2,1,0
1,43.66010199443997,1,17027.52504685056,5,1,2.2154452109680456,1,53.15893489082106,1,2,2,1,1,0
2,36.53040092330155,4,2215.9476635635533,5,4,1.1553573076070616,1,56.576621651855035,1,2,3,2,1,0
2,13.304276509401667,1,8185.211137242446,2,2,1.3806083353503307,4,30.511725690472467,1,4,3,1,1,1
2,28.14220239195497,2,15783.652074338277,5,2,1.152265541103068,4,27.550869628659115,3,2,1,2,1,1
2,48.75826810836152,4,3198.66621355517,4,3,2.044405356311502,3,42.52831121583066,2,4,1,2,1,0
3,17.450320672598743,1,4497.404774983628,2,1,2.974729285916112,3,54.32652476863041,1,2,3,2,1,0
4,70.6550199671023,4,3942.4811809368052,2,4,2.8175400461692073,2,20.66867960526941,3,4,1,2,2,0
4,35.51563793330078,4,52162.993668304014,1,1,2.524802472085499,4,63.29482248662118,1,4,3,2,2,0
3,28.26268517898618,2,6079.994197675935,3,1,2.973201276010785,2,19.944054461336744,3,4,2,2,2,0
1,52.78869604081305,1,4250.09866272141,2,1,3.6238610327183123,4,33.69232641215677,1,1,2,1,1,0
1,42.22246177042732,1,5318.929067028454,1,2,1.7612621389958603,1,35.607475101172206,2,1,2,1,1,1
3,48.421162180379476,1,12974.020760061892,3,3,3.8744127740774603,4,23.494204410580195,1,2,3,1,2,0
2,6.877462615541653,3,4291.042632978517,1,3,3.888775946518827,4,33.45787080286944,3,2,3,2,2,1
1,39.03769001081352,4,4924.066163451877,3,2,2.569398044842963,3,32.637327989128586,3,4,3,2,2,0
2,48.70343762216538,4,1732.6556878355746,1,2,3.127418524265124,1,48.95598883275377,2,2,1,2,2,1
3,39.39064745819692,5,513.5680878481751,4,1,3.1078912144291406,2,72.08366809766673,2,1,2,2,2,1
1,50.876340289608294,2,1325.213071143079,4,3,3.009201926163451,4,31.20627784390537,2,1,1,1,2,0
2,63.184977809867675,2,13370.168258007414,3,1,1.0689294184476688,2,55.206746722865205,2,1,3,2,2,0
2,49.73150013918824,3,3514.284828541657,2,1,3.192959537562324,2,34.77685469655344,1,4,3,1,2,0
1,36.977811631153266,1,2753.965287147102,5,1,3.1813958938794666,4,18.0,2,3,3,2,1,0
4,65.93989758944184,4,8449.11556579563,2,1,2.7780275725142474,1,54.52811091373462,3,1,3,2,1,0
3,60.22464904524067,1,9670.08608644812,3,4,1.0093201122575106,3,34.548262456865444,2,4,1,1,2,0
3,54.252091079517776,1,14330.179333537995,5,3,1.7370099550399385,3,44.97295875239019,3,2,2,1,2,0
3,27.300910807609544,3,5134.270474740741,5,1,1.2500655906467477,4,49.82745713229103,1,3,2,2,2,1
2,20.81569609973534,2,9417.889866856352,1,1,2.4360001012496255,2,45.88740570220615,3,2,3,1,1,1
1,31.266039878338827,3,2363.621785197116,2,2,1.261559107965576,3,41.95887606555171,1,1,2,1,2,0
3,43.17297149917317,1,14857.520845470463,3,4,2.23660425267422,3,47.81615402445529,2,4,2,2,2,0
2,27.024769050670017,1,10619.813720398566,2,3,1.6899287846288484,1,45.83997406659561,3,3,2,2,1,0
1,38.76527965524626,3,7886.814332862004,1,1,2.290795609922176,3,39.27593991954127,3,4,1,2,2,1
3,42.20471002735667,4,8522.168650898742,1,3,2.319509936042228,3,42.632158012942696,1,3,1,2,2,0
2,57.84720965147192,3,29291.19988212979,2,1,2.291528010519171,1,40.54834877714973,2,3,3,1,1,0
4,66.7193219733989,2,26823.663539136793,1,4,2.261837500122026,4,46.441069028305286,1,3,3,2,1,1
4,36.61836027501406,5,11479.58756734556,4,2,2.0519977539219467,2,35.98472755612752,1,3,3,1,1,1
1,21.972800563708503,2,33925.91922309733,5,2,3.432477316101457,1,18.0,2,2,1,2,1,1
1,50.51624890037612,2,3148.3128795368384,5,3,1.8172432250600858,2,36.87744966139278,1,1,2,2,2,0
3,24.323133421927075,5,1568.7612186141218,5,4,2.254135744236624,3,32.92155130520906,1,4,2,1,2,0
1,16.46311502639713,5,6731.755196719736,5,3,3.9150373477815665,1,45.155598274735965,2,3,2,2,2,0
2,58.784562402631465,5,3848.928434323442,4,1,3.0382959424211884,4,31.823301594960277,3,3,2,1,1,1
2,25.962806172489863,2,3507.2704084173515,2,1,3.0304071113623827,2,50.486852377128756,1,4,1,1,2,0
3,58.2027477622585,3,2362.2932893854713,2,3,1.5047321205242223,3,79.17020592381989,2,3,2,1,2,0
2,14.215395092638754,2,11306.933051334197,3,2,1.4569740260492798,1,45.188375344504486,3,3,2,2,2,0
1,50.355000380246295,3,3189.315507083024,5,2,1.0439559734446102,4,25.414462135297818,2,4,3,1,1,0
1,70.41100275398284,3,10193.346847838007,5,1,3.448538102275045,1,54.97366141718482,3,2,3,2,2,1
2,12.334606986468632,3,12976.659710396096,5,2,3.235102257363806,1,26.922670992044463,1,2,3,2,1,1
1,46.46056476152441,4,6730.975667595127,4,2,3.9518464030823677,2,18.0,3,2,3,1,2,0
4,28.123198303848113,1,6376.391392636378,2,1,2.7650514353763906,2,35.86188423514473,2,4,2,2,2,1
4,19.296531297700756,1,6438.415159789248,5,3,3.8653059888678882,3,45.660660031613894,2,4,1,2,2,0
3,72.0,4,8490.751618766222,1,1,2.1626366078305193,3,25.07705210822513,1,2,3,2,1,0
2,16.489690787637013,4,12558.727996500358,1,4,1.6686111552797755,2,37.71367024866345,3,2,1,1,2,1
2,45.7349285739939,4,3026.8311282696977,3,4,3.343796879643235,4,37.08796245192674,1,4,3,1,2,1
2,20.164973869065534,5,7198.6470502955135,2,3,2.0052478838488543,1,60.44184179761725,3,3,1,1,1,1
4,38.51672476094225,1,2397.8259052605463,1,2,3.9776384697436895,3,32.951151867782066,2,2,3,2,1,1
3,37.821315771458806,2,1532.371308581649,3,3,1.4581246557791572,1,50.49393275885255,1,2,3,2,1,0
3,46.97559800079311,3,970.4711153429564,1,4,1.0408505441425662,2,54.700937613528446,1,3,2,2,1,0
2,35.1118366386133,4,758.1295292583438,2,3,2.9250701297470973,1,43.13063504364436,2,1,2,2,2,0
1,35.672308389557244,1,2415.019477303269,1,2,2.0032156938894112,4,25.438155539328676,3,1,3,1,2,1
1,42.28521126601845,4,414.7383064534774,3,1,2.043993081441274,2,43.554912362398575,2,4,2,2,1,0
1,44.61392856687861,2,9274.207399389772,1,2,3.063718705058213,4,46.09042703076666,1,4,1,1,2,1
2,53.00210775573713,2,2134.511588756685,3,3,3.3058728931781953,3,18.78493282784336,2,3,2,1,1,0
3,28.356221947883256,3,7037.129965332731,3,1,2.220384516389695,3,25.75761433071886,1,3,3,1,2,0
1,12.555085324627946,3,9105.153787217952,5,3,1.4180051763011599,4,21.114106491567938,1,1,3,2,1,0
2,22.095448986664547,5,7437.36598364251,5,2,2.214678982544632,1,18.07258744163628,3,3,2,2,1,0
2,44.777786711094926,4,2103.5901536555443,4,4,1.9241859754526605,2,18.0,1,3,1,2,1,0
1,15.019538620709625,3,4612.752562991564,2,3,3.3072244221092095,3,51.446177501266106,3,2,1,1,2,0
2,14.245070746175749,5,24539.677188525253,4,4,2.0207433383503393,3,27.895427254259815,2,2,2,1,1,1
1,18.33509801856153,3,4843.497639585311,3,2,1.8275366957729067,1,18.0,3,2,2,2,1,1
2,23.9626828938733,1,3087.9633313529102,1,1,3.281151807044142,3,26.984841119408586,1,1,1,1,1,1
3,19.996694141621983,3,3007.836900113569,3,2,3.9650729954349786,4,49.11512698353509,1,4,2,1,1,0
2,37.02986200069198,1,5905.249503517612,5,3,1.8435190194263935,1,47.69774368862426,3,3,1,1,1,1
3,33.53372212060057,5,11729.055372298932,5,4,2.6942076362013765,3,58.61048594649721,1,4,1,2,1,0
3,46.146077878234586,5,3312.1343380035614,1,1,3.682296234829003,1,39.92532528717889,2,3,1,1,1,0
4,22.837881694856215,3,4570.580238825633,2,2,3.8590353353410265,3,39.39206613062012,2,1,3,1,1,0
2,48.93738997990383,1,30108.020990910965,2,1,3.7405952666075195,1,44.42478455353578,1,3,2,1,2,1
1,18.840399250249977,5,4631.761156000247,4,4,3.8065866600191405,3,48.265074149315325,2,1,3,1,1,0
4,72.0,1,1413.7925090816093,5,2,1.4938024746924439,3,29.55104833956104,2,2,3,1,1,0
1,10.11582055211359,5,6141.294899547494,2,4,2.1628919913130487,4,51.980702875422686,2,1,3,1,1,1
1,36.61338805135133,2,2236.337211256819,4,3,2.2131938443991523,2,54.06906401079662,2,4,2,1,2,0
4,42.90178259303287,4,8798.869526537588,3,1,3.0586725203549823,1,47.933913881480294,2,1,1,2,2,0
4,49.66105169241379,5,17491.469074305576,5,1,1.2165327509595685,2,18.0,1,1,3,1,1,0
2,4.348611044740309,4,319.82505247743427,4,4,1.7430160913984218,2,50.741356719436695,2,4,2,1,1,0
3,14.492562014004104,5,2880.9463084843433,3,4,3.6819754133208495,1,35.3716646966927,1,1,1,2,2,0
3,33.44128123689656,4,2650.090535629831,2,3,3.4242939826121566,4,46.79098957504341,1,3,2,1,1,0
2,25.24904939949216,2,3464.8409135645243,3,4,2.11712429921559,3,23.82590655885509,1,1,3,2,1,0
3,46.30078319145653,3,16791.234074470016,4,2,2.363479918463014,4,40.632129775988496,1,3,2,2,1,0
2,27.768673506535542,3,6135.224912569426,1,2,2.4156040146362727,1,57.59738616419931,1,2,2,2,1,0
3,48.235550882943386,5,2250.651993643771,3,4,3.123627166099457,2,30.707965443142058,3,2,1,2,1,0
4,5.691046352261935,3,891.1374776083474,4,2,2.8321784429222467,4,18.0,2,3,2,2,2,1
4,57.60601211207252,5,4076.0131553648453,4,1,2.3158926908035706,3,24.855397493076797,1,3,2,1,1,1
4,64.59836396134342,5,29083.231882194428,3,3,1.993587616269461,4,58.92672708047136,1,3,3,1,2,1
1,58.82488783319419,3,1574.490348112817,1,4,3.152063914202282,4,18.0,2,4,3,2,1,0
3,45.578857218830315,1,5274.16699442089,5,3,1.324661627677157,4,44.695854467931625,2,2,1,1,1,1
1,14.715355871422524,3,7852.024912728726,2,3,1.8724300572611539,2,63.20739916743295,2,4,2,2,1,0
3,32.43567290838117,5,5098.164840609803,5,4,1.465819656824649,3,46.35706503938523,1,2,3,1,2,0
2,29.85445589288146,4,1838.2806835620722,2,2,1.4468750735866973,1,60.18011527114719,3,1,1,2,1,0
1,35.93452052650811,5,3026.1201990985633,4,4,1.8477282665188266,1,47.459006615887645,2,4,2,2,1,1
3,27.354844710052475,4,35650.827577712196,2,3,3.8154917307480853,2,28.542469369478283,2,4,3,1,2,1
2,40.86028203474945,4,342.8904724278114,3,1,1.2465381704151497,1,54.43291811187069,1,1,3,1,2,0
3,19.787379723363717,1,559.0811932754044,3,2,2.4962900947061026,1,39.142337126191855,3,4,3,2,1,1
4,12.087657594579536,3,10297.460705262962,4,1,3.762051913754912,1,38.36313944201279,2,1,1,2,1,0
2,43.42926563222,3,8666.64684871536,2,1,2.6791068765354558,1,44.63386980873575,2,1,3,2,2,0
1,45.779892161553946,2,7168.427572677396,1,2,1.9045489130035134,3,60.200630773876426,2,4,3,1,2,1
2,15.837888845947607,4,2434.535401949902,3,1,1.6718973075554733,1,33.45485474174967,3,3,1,2,1,0
3,39.83648100077329,4,8871.366013859055,3,4,1.9657628575302288,1,56.482955986330616,2,2,1,1,1,1
1,57.38244490512311,1,1457.2284674837165,4,3,1.4368411606878309,1,38.731973778378894,2,1,3,2,1,1
3,35.848369018314585,1,9742.740616553441,2,2,1.8402774295852091,4,50.221012805704156,3,4,2,2,1,1
4,47.576592420022706,3,5110.719664853801,1,3,3.431935932878303,1,35.16487501697064,3,1,3,2,2,0
4,5.199396632970338,3,6745.936058661644,2,3,2.961848917445304,2,46.17748827808331,2,2,2,1,1,0
3,31.96489797653926,4,33466.619238598796,3,4,1.3676940050604798,4,29.735122969866993,2,1,2,2,2,1
4,31.980200143510647,2,1977.6214504893833,5,2,1.8834034481904114,3,49.84319606121708,1,4,2,2,2,1
1,46.598088796846554,1,10528.15241169664,4,2,2.7121359440742214,2,40.605779671597915,3,3,3,2,2,0
3,38.441191011417914,5,5894.188580247344,1,1,1.5413758733937428,1,39.596969948396065,3,1,3,2,1,1
2,51.45379074864909,1,25142.286555844814,2,2,1.688489437777223,4,54.7754160414972,3,1,3,2,2,1
4,15.678858777248394,5,5325.99429451363,3,4,2.829792706096024,4,46.45402445402185,1,2,3,1,2,1
1,23.347995639472355,5,2579.8488065650868,5,4,3.3607282349314995,2,36.44265644205031,2,1,2,2,2,0
2,50.866770341343994,3,5073.874259715421,4,1,3.448569346106554,1,41.56788743642133,3,4,2,2,1,1
1,48.971061883914416,5,564.0616472857068,1,4,2.6525373654722477,1,42.14272115965311,1,4,2,2,2,0
2,24.95686810642094,2,4100.521338493539,2,1,1.886385283841358,1,21.690184033377864,1,3,2,2,2,0
4,32.253862240595154,3,22085.824341037944,1,1,3.6438039472861843,4,34.32214932023408,3,1,2,2,2,0
1,26.785660998715535,3,5532.786341271992,4,3,3.3492285664457544,1,18.0,2,3,3,1,2,0
2,4.625116635749354,5,1994.6255521032535,2,4,3.595508628061865,4,42.74825205077513,1,4,2,1,2,1
1,39.204078750672,4,6474.096854727348,3,4,3.650928428022534,3,38.11545561356563,2,2,1,1,2,0
4,13.832306782391164,2,4301.833952104295,3,1,2.841649511163003,3,54.46947263475459,1,1,3,1,2,0
1,32.84774050150074,3,2997.557069977092,5,3,2.755302738648255,4,44.67851438856968,1,1,1,1,2,1
4,23.672160435011357,5,5719.180721498407,2,2,3.6439908329950668,2,53.736970849290444,1,1,1,2,2,1
4,30.543319632187906,4,10871.454161524183,1,3,1.8079626469831465,4,41.21535424300316,2,3,1,1,2,0
3,70.07659428391705,1,13603.499252162068,5,2,1.511020289688306,2,27.46086571081795,3,1,3,2,1,1
2,4.0,4,9978.16770634806,2,4,2.231627528879274,2,42.25798656460292,2,3,2,2,1,0
2,72.0,1,739.0798264467385,2,3,1.2512119854536619,2,64.74284483022521,1,2,2,2,1,0
1,35.31123072322563,3,17848.55149602843,3,1,2.4643186267537844,3,36.683974230781224,1,4,2,2,2,0
1,47.498447048618374,4,22792.116206292896,2,2,1.659693401627984,1,54.48774149979644,3,2,2,1,1,1
4,8.821892215876822,2,1803.6029982870461,2,1,2.2322733771634744,2,36.121308514885435,2,1,1,2,1,1
3,56.903019943984035,5,8423.871845735299,3,1,1.7504645959110743,2,38.93588786768313,3,1,2,1,1,0
3,34.76304277404765,5,1490.7840007317477,5,4,1.0015291194218796,1,28.394716275462855,3,4,1,1,1,1
4,26.32951111773259,1,2072.9320385531623,5,3,3.7830586157913544,3,67.05183331951987,1,4,2,1,2,1
3,24.724197676155633,5,3606.4606758333966,2,2,3.382529471863462,4,19.17661328113814,1,4,1,1,1,1
3,4.0,3,4534.444932179027,4,4,2.752246201330398,4,51.94627256274371,1,1,3,2,1,0
2,17.946368947142346,3,5316.199307429831,3,1,1.038912650210552,3,33.32421536670006,2,4,3,2,1,0
2,18.912558682156725,2,812.4349653863668,5,3,3.5593087482547285,3,39.53077359598639,3,3,2,2,2,0
4,17.660018456034734,1,5156.254197777494,4,1,3.242999748023351,3,38.0080020257944,2,4,3,2,2,1
2,53.52425249089287,2,5576.054514857676,3,1,2.2114319605977224,2,35.31269437259847,1,1,1,1,2,0
2,42.112035574302965,1,8134.0933767662145,2,4,2.497141495624117,1,18.0,2,3,3,2,2,0
1,60.49635287208055,4,9576.545027884162,3,2,3.356398750942026,4,27.88181672718349,2,1,2,2,2,1
3,6.77374884282877,2,41435.16912246223,4,4,2.9617076597723626,3,23.53766047053704,2,3,2,2,2,1
1,19.84224557222457,2,3602.6146950118423,3,2,3.7104628502038834,2,38.080300481679124,2,3,1,2,1,0
1,41.36844683237795,4,9174.23041585022,1,2,2.698308417859783,3,26.736081165434182,3,2,2,2,2,1
2,23.882535382040018,2,1139.288208089121,2,2,2.7416563887070717,4,43.848479713622154,3,3,2,1,2,0
2,24.43006037191175,4,7060.778292966877,3,2,3.414354688576247,1,51.48364089167043,1,1,3,1,1,0
2,41.76071085111355,3,4511.286448042569,4,1,1.6206712094419804,3,51.817560715828144,2,3,2,2,1,0
1,22.270505581296213,2,1206.2077731392944,1,1,1.621501196256081,4,38.00010669430263,1,4,3,2,2,0
4,4.0,4,12499.258322572658,2,4,1.4199846601084731,3,53.41209862008809,3,2,1,2,2,1
1,23.78080506444674,4,2102.186406640548,1,1,1.4621611501035288,1,36.33563246830903,1,4,1,1,2,0
1,58.02269604656371,2,2485.8010228063995,1,1,3.2167269883129705,3,56.25867672764841,3,1,3,2,2,0
2,35.37635522953101,2,5957.603955310105,5,1,2.268964354450328,4,40.74058333884917,1,3,3,1,2,1
2,31.439399650329513,5,13758.072692491687,5,3,2.415539875887374,2,53.7357975505486,1,2,2,1,1,0
3,45.974779106650615,1,1114.5926225880369,5,3,2.3464064656832146,3,59.087390551172604,2,4,1,2,1,1
3,27.895210755539072,5,9631.243658386862,2,3,1.7290914700664617,4,20.22164747537018,2,3,2,2,2,0
3,4.0,1,2476.5924815010567,2,1,3.8938986422947113,1,34.8096724487986,2,2,1,2,2,1
3,8.72290571890587,1,6269.668516073437,4,1,2.509834771256455,4,52.01740064564838,3,3,2,1,2,0
2,23.115096130378326,4,3111.3109691206155,3,2,2.152410659060806,2,18.0,2,2,3,1,1,0
2,36.5150192593594,5,2480.471279100725,3,1,3.254405537716318,1,34.98634863983741,2,1,1,2,1,0
1,56.81045787021836,2,8468.712975874032,1,2,3.3159365150835542,4,48.25093015190748,1,2,1,1,1,1
1,24.74876404745917,2,14474.378409365621,4,1,3.9529445149551456,3,27.332500669060046,1,4,2,1,2,1
4,56.0368911105705,5,4870.724924576023,5,1,2.391124930353919,3,40.032273595391196,3,3,1,1,2,1
1,53.311849711388085,3,1873.1984716310164,3,2,1.3032926595053107,1,37.695686047929726,3,3,3,2,2,0
4,24.692269072018426,1,3026.131024899357,2,1,3.3043112066992495,2,76.85645392940165,2,2,2,1,1,0
1,40.52796511723033,4,955.1975022167848,5,3,3.118856704070928,4,18.0,2,4,2,1,2,0
3,44.09049560015401,3,19135.65689569201,3,1,1.163587086423116,4,57.3085091020026,1,3,1,2,1,1
4,44.62668804252954,4,5022.243212698256,2,2,2.713090525089531,2,58.0381512755134,3,2,3,1,1,0
2,32.84227300215249,3,7118.1076597400515,2,2,1.4162971479331294,2,22.305507869544808,2,4,2,2,1,1
4,47.6824640185557,4,9697.911038827133,5,4,3.956154259913482,4,57.24587127112113,2,1,1,1,1,0
3,61.62880000161027,5,3259.8585647597515,5,3,3.445738193021816,4,33.71179783267259,1,1,2,2,1,1
2,72.0,2,7815.594277274725,2,4,1.3961064725684635,1,57.677167586188105,2,1,3,1,1,0
1,41.79390575307354,2,65965.78268245947,4,2,1.2930120411713126,1,67.90585792253466,2,2,1,2,2,0
1,38.15578232172984,4,3630.354158247029,2,3,1.8460890449735272,3,26.079063732001195,3,1,3,1,2,0
2,29.481372937886547,1,1331.711704536037,2,1,1.7743851661520056,3,26.041868897246516,3,4,1,1,1,1
4,23.314484011255857,3,12064.216291452192,2,4,2.307870595374549,1,37.00777080508627,1,1,1,2,1,0
1,7.092320163219995,4,8370.19741856649,5,2,1.0328306783557661,3,72.60417291266043,2,1,1,2,1,1
3,5.248476673881964,3,5623.043233760671,5,2,3.0008730240632557,3,66.91346816487263,1,4,3,1,1,0
1,48.23549557733501,3,13415.29837190597,2,1,2.4716658173851402,3,51.05316149052773,2,2,1,2,2,0
4,25.460764588024553,4,10168.633755129335,2,3,1.1644721295895364,2,18.0,2,2,3,2,2,0
1,25.00277757888086,1,7366.099801370238,1,4,1.1155556942991758,2,31.829488767976862,1,4,2,2,1,1
1,37.70556691845082,1,4248.11958574843,4,4,1.5120100034795536,2,62.01766268908037,3,3,3,1,1,0
1,53.28658726115742,2,7695.159281993638,2,4,1.980904552199416,2,72.67499812692441,2,4,3,1,2,0
4,28.566476699043882,1,7484.32426081598,2,1,1.1825566302398607,1,40.00183175717288,3,4,1,1,2,0
3,4.0,1,15896.863622539253,1,1,1.97742930158252,4,37.37155841360734,2,3,2,1,2,1
3,12.857081738049349,1,3369.6157909553544,5,1,3.7000737455656125,3,48.12545945637149,2,3,2,1,2,0
4,70.88593515133054,2,6409.621921518695,3,2,2.5572897384958155,1,60.6517237001363,3,2,1,1,2,1
3,62.540573914938534,5,6369.7215276698535,1,4,1.0319165811197593,1,29.90990806362693,2,1,2,1,1,0
1,72.0,4,7946.649303526544,5,4,2.9415504020308707,2,51.03704045164854,2,3,1,1,2,0
2,34.8324465570977,4,11124.18956923002,5,2,3.7472537048107872,1,24.770707056056573,2,2,2,1,1,0
1,18.385686594204007,5,1577.0744429718256,1,1,1.5245955502018183,4,40.96247527710458,2,4,3,1,2,0
3,34.2526999985628,4,9494.803542185338,4,4,2.3807736060590585,2,34.918883246799055,3,4,2,2,2,0
1,25.493424272181432,1,35921.19480378228,5,1,2.0359906133384573,2,38.26203456090468,2,2,2,1,2,1
1,65.63541132518662,1,5357.710196389243,3,3,1.1432264476574996,4,28.030298978118417,3,2,2,2,1,1
1,31.298405587393948,4,1313.7130313054213,4,1,1.7558437455808857,3,41.92192562738002,2,3,1,1,1,0
1,72.0,4,10716.939524932088,1,3,2.0229575645577036,2,36.668611810038335,3,3,1,1,2,0
1,47.8613543090799,1,39290.23236125409,5,4,3.5210865923059713,3,52.85875561756587,3,3,2,2,1,1
1,61.26078596259735,5,17020.05243349082,5,3,1.6091685861089597,3,39.51102803703582,3,2,3,1,1,0
3,6.91805085384712,5,1775.787948320415,2,1,3.0068799592421085,2,57.00112092811577,3,4,2,2,1,0
1,72.0,5,1391.323430090519,4,3,2.5069359904641706,2,31.819898048395103,2,3,1,2,2,1
3,35.626600811783504,4,9487.976276904592,3,3,1.027229631713758,2,28.842779460433587,3,2,2,2,1,0
2,31.14918507242468,3,2881.1632483053672,5,4,2.9708658368208645,3,25.23831241098145,2,4,1,2,1,0
4,18.294355397456563,4,495.3121808461923,3,2,3.50097318317017,4,42.04878841071468,3,4,2,2,1,0
1,12.08648219573032,4,2156.961944614938,3,3,2.33681556674005,2,42.93408239531382,2,2,2,1,2,0
4,42.61297256426701,2,4026.4261625623394,2,1,1.5668240381771177,2,20.28675575205667,3,1,2,1,1,0
3,17.46891330657248,2,2010.7711142847936,3,1,3.304383742458975,3,38.7242038951731,1,4,1,1,2,1
4,58.8675167975712,1,27034.555484812285,3,2,1.0571726770194103,4,39.99058644027454,2,4,2,1,1,1
3,30.340474386482256,5,10913.721442942899,2,1,2.5187219184494123,3,60.257342048345,3,2,1,1,1,0
1,32.96958053406629,4,3039.357985325811,4,1,1.1241591752669868,1,56.5653454797941,1,1,2,1,1,0
2,16.982397549520865,5,3204.424287642469,4,3,3.625006973571584,3,37.741428813409684,3,1,3,2,1,1
1,48.262724811156275,1,2307.664404684167,4,3,3.9540251840571017,2,19.644254551875846,1,3,1,2,1,1
2,29.538603855210148,2,1659.252791659248,1,1,3.973993989132839,2,25.32887386281518,3,3,2,2,2,0
2,23.46772424946677,1,3802.9516311713714,1,2,1.4642089775205167,2,18.0,1,4,2,2,2,0
1,19.23981423416132,3,11918.291167926804,2,4,2.880895799452617,4,59.46651353210824,1,2,1,2,1,1
1,53.72016111284992,3,4176.349158160633,3,3,2.7670750232869805,4,33.42055624662546,2,3,2,1,1,0
4,37.54007469209666,5,2005.0031994284752,1,4,2.194985455204398,4,60.17306114814035,2,1,2,1,2,1
4,29.32763516166088,5,1984.4524700905522,4,1,3.4171361549560673,3,39.46903464918992,1,2,2,1,1,0
2,54.67703669282305,3,27589.689157236146,3,4,3.383942886741438,2,63.55051291790033,2,1,2,2,2,0
3,40.07598403790549,3,12373.55037987008,5,4,3.558477637278673,3,31.56879975355381,2,3,3,2,1,0
2,37.65627765338144,5,2339.283681083124,4,3,3.373051221541902,4,67.05072681466572,2,4,2,1,1,0
3,25.073465527536946,3,5804.550922802811,4,3,2.672989928302284,1,42.502857131730664,3,2,2,1,2,0
3,48.60377368545,1,7002.934668229092,3,1,2.6058697433983498,2,39.83780232543655,3,3,3,2,2,0
2,49.43927234601469,5,8739.083261225287,4,1,1.3450276254786127,1,70.75391821241342,1,3,2,1,2,0
3,41.12827978578619,5,1038.640744287293,2,2,3.5883915245780136,1,41.50184670577875,1,4,3,1,2,0
4,37.744159617597866,3,40336.73287040529,3,2,3.5538411874906,4,28.040402667890678,1,3,2,1,2,1
4,69.79565412365761,3,10220.08340281135,3,4,3.597447317096675,2,31.935220807216133,2,3,1,2,1,1
4,20.788697323933587,2,1230.2350795380366,1,1,1.0845151721433326,3,29.89332314124524,1,2,2,1,2,1
1,30.091622888518977,2,7316.7787384629755,5,4,1.735437104873414,1,42.772531101078954,1,2,1,1,2,0
3,20.537122526549418,1,1105.6024741033314,3,3,2.2784885625724156,4,36.20988601079747,3,3,1,1,1,0
2,39.167985173424796,4,3809.870728292294,4,3,1.777091127459086,1,18.0,1,1,3,2,2,1
3,18.18416153350696,3,27471.149125020183,4,3,3.3804605258562477,4,53.82032773181997,3,2,2,2,1,1
1,30.3839144941443,2,1757.5712562988954,5,3,1.3768831783504636,4,18.0,2,3,1,1,1,1
1,51.154450202229384,4,1362.4395167590963,1,3,2.758461028317793,2,28.91081165586416,3,2,1,2,2,0
4,16.881371499995478,1,3960.340202451538,3,1,3.0719284983536994,1,18.87784682566523,2,4,3,1,1,1
3,51.07794210653891,3,7104.793997036308,1,2,3.2108547023046783,3,64.3044894663619,2,3,1,1,2,0
1,15.595981628591883,5,5129.202611820958,1,2,2.8234442202323584,3,53.067002596322304,1,4,1,2,2,0
2,39.23426173795113,3,55263.74565834307,4,2,2.4094216554037162,2,35.723789989122956,1,3,3,1,1,0
2,43.29832513143687,5,9381.791782587636,2,4,1.6010636443686757,2,40.086372365160216,1,1,3,1,1,1
1,54.96733384429115,2,3638.3286751986593,1,1,1.7825019602218388,3,25.24280188353307,1,1,3,1,1,0
1,52.24806126265697,3,6000.799913080545,3,3,1.2263080614488318,4,38.896673753345425,1,2,3,2,2,1
4,20.485377389030415,5,17407.448758994644,1,2,2.319887824701947,3,18.0,1,2,3,2,1,0
2,40.77228732278087,4,26871.36002325689,4,3,1.0502539582772181,1,57.010245408769705,2,1,3,1,2,1
2,21.681426161724012,3,2011.7573800277357,1,3,1.7585434503629613,2,47.68848158438,3,4,1,2,1,1
2,46.65684532891256,3,5058.338771065211,5,1,3.198174657891295,2,47.52248138587316,2,3,1,2,1,0
3,54.70285823274244,5,13356.824112005997,1,2,2.7004535108060423,2,53.48733708780659,3,3,2,1,1,0
3,35.200886429566886,5,3315.5963108615824,4,3,3.2483664295999044,1,18.0,2,2,1,2,2,1
4,36.489916476349585,4,2660.199070445515,2,3,1.8450766254431796,1,41.12899932306099,2,3,3,2,1,1
2,34.57860418058757,4,9248.14248169436,1,4,3.0296777780617923,3,36.57454842757437,3,3,2,2,1,0
4,26.44175031543592,5,1621.6116846659997,2,4,3.275977517761568,3,20.944934488544437,2,1,1,1,2,0
3,24.01947356375576,1,22087.02513521157,5,4,2.969538117395767,1,48.33186086819506,1,2,3,1,1,1
1,53.510297972022016,4,13836.044452806495,2,3,2.362619639284807,4,57.09194222811712,3,2,2,1,1,1
2,31.59753798368876,3,4508.377306773057,1,4,1.5683809567738713,1,26.616456796073862,1,1,2,1,2,0
2,38.454843835531214,4,3868.84478993524,1,2,3.448216720756606,4,18.0,2,2,1,1,2,0
2,46.801316948248704,4,12049.70144689814,1,2,3.268189878587243,3,42.13966358461979,3,4,2,1,1,0
2,39.961191301049666,2,4575.083994274354,3,1,3.258661297160324,1,40.48665987364418,3,3,3,2,2,1
1,23.683564470892986,5,12309.87489818726,4,2,3.707130345931361,4,29.86925670992371,3,2,2,2,1,1
3,34.893394810607795,2,21004.853845392016,1,1,3.6412174229815744,4,50.05088424482125,2,1,3,2,2,0
2,46.87312257366608,3,3312.0451928296925,2,3,1.8624734872007735,1,52.02983651548811,1,1,2,1,2,1
2,42.261841036643446,5,2449.1530389827494,2,1,1.1290256864071584,3,28.698681222474626,1,3,2,2,2,0
2,11.687103982611344,5,815.4255444569606,5,4,3.790185839071386,4,27.904350370624293,2,3,3,2,2,0
4,9.942432850752482,3,2842.3467090949484,2,3,2.075131718393304,3,46.91129512819255,1,2,3,1,2,0
1,23.038720328869864,5,10930.783350063375,2,2,3.922484809161506,3,28.328566086944413,1,3,2,1,1,0
3,30.41284768207792,1,4364.247626375001,2,1,3.2294043300230677,4,50.2142937494708,2,3,3,2,2,0
4,23.766135190209443,5,7545.73945060393,3,2,2.0341235339073878,4,37.824153441740705,2,1,2,1,1,0
2,4.578422508963303,3,56799.75575250743,1,2,2.759714257270608,1,38.75278922845164,2,1,2,2,2,1
1,11.608269292683115,1,22642.701113319126,5,4,3.778519529760436,1,18.0,1,4,1,1,1,1
3,29.229697690585734,4,6068.461673896129,4,1,1.354774632209069,3,66.3709992636469,1,4,2,2,1,0
2,65.9046176981782,5,1481.3808358734636,3,4,3.147078797122026,1,44.92130248591759,3,4,3,2,2,1
3,72.0,2,20915.127551034264,5,1,1.9084882530925704,3,33.70246280919217,1,3,1,1,1,1
4,47.20135844469034,3,2462.092156778675,4,4,1.295183506753673,2,55.07097238622458,3,1,2,2,2,0
1,32.95660807569527,3,5681.971007085817,4,2,2.1314187118410284,2,26.600976358660137,1,2,2,1,2,1
2,36.6054977360095,5,2131.3686430258226,5,2,1.7778215125907437,3,46.08120399198036,3,2,1,1,1,0
3,37.56946955415653,1,11064.427608148057,5,2,1.166505492245136,2,48.118243120125555,3,2,1,1,2,1
2,41.00233496735642,5,2541.0582969376696,1,2,3.9181164353635833,3,30.39835159704645,2,1,3,2,1,0
2,33.54607561618233,2,4304.0032863309725,4,3,1.8897811517705068,2,25.52066232103871,3,3,1,2,1,1
3,27.763790416571545,5,3252.1445822547857,1,2,2.3112086460657455,3,19.000938132834076,3,4,2,1,1,0
3,66.72306014516347,4,10482.441319492149,1,3,3.291969466405166,3,27.701665808804837,3,4,3,1,1,1
3,13.777920618936086,2,6665.057044350265,4,1,1.1500069167084086,1,68.16139027658721,3,3,2,2,2,0
2,52.527152241847276,5,5061.263876041591,4,2,2.636257317227999,4,18.0,3,3,1,2,2,0
2,4.0,2,5387.156354081708,5,1,3.373776349035842,3,53.220033353373736,2,1,2,2,2,0
1,43.83237416178732,4,4551.857745546477,3,3,3.5355232948881383,1,36.601843450832384,3,3,3,2,2,0
1,6.394552554913382,2,2914.227627993515,5,2,3.1161055687830013,4,64.10668020345739,3,4,2,2,1,1
1,69.67202083136159,5,3542.474370190653,5,3,2.1757063314774774,2,49.0951195187904,3,4,1,2,1,0
4,22.47916398490783,3,7955.0794044097265,4,1,2.6854238192737556,4,35.6561407915177,2,2,2,1,1,1
1,38.64914608730025,2,3015.975792449073,4,1,1.5425344842231126,1,72.41947507186607,2,3,1,2,2,0
3,52.98647238701393,1,1136.531871561121,1,4,2.8277292825302776,1,35.959510682076676,1,4,3,1,1,0
1,16.42870721440259,3,2273.8685403444265,1,3,1.3253221036003882,3,37.37596898819351,1,3,1,2,2,1
3,37.81392503364811,2,4708.4643590660535,4,2,3.6102324912468116,2,47.955288870740546,1,3,3,1,1,0
3,30.8247829037765,3,3747.6821688278583,3,2,3.8698702465905805,4,45.71420755826555,3,1,1,2,2,1
3,53.87634626635529,4,36840.14661059302,1,3,1.861974908456777,1,55.148813487403295,3,4,3,2,1,0
1,54.518887451134155,3,4164.409079994607,2,4,1.6249325647649324,4,28.02638487064705,3,3,2,1,2,0
1,42.32595109442535,1,9152.543436172746,2,3,2.633476194292228,2,32.090261935257566,1,1,3,2,1,0
4,11.905473174288606,5,3106.3438501243986,4,3,3.8171618950023958,1,27.632947448775198,3,4,3,1,2,0
4,26.973980683620717,2,38255.9876826513,2,3,2.243469550729626,4,25.901529853840053,3,4,2,1,1,0
1,34.41384722276431,3,3846.306318866773,3,3,1.3039243671048464,3,37.24383563456151,3,2,3,2,2,1
2,58.64077901225019,1,2134.47498398961,1,1,3.807812120796039,1,47.06006007353484,3,1,3,2,1,1
4,11.011388172111293,2,4612.709817256276,3,3,1.6358145691172272,1,65.04641877649581,2,3,2,2,2,1
3,31.208740592941943,2,32647.53359543838,1,3,2.860649200800778,1,61.46293024505424,1,3,1,2,2,0
1,59.398172762839316,3,3219.005044189696,1,4,3.672616993225857,3,47.51824348356117,1,4,1,1,2,0
3,32.09470940147139,2,7645.9116915421855,5,3,2.7356872438552258,1,19.672754491474404,2,3,3,2,2,0
2,35.884323076619424,4,13788.54316728067,3,3,1.2982952684020086,2,36.19659699212266,3,2,1,1,2,0
2,4.0,5,1586.264291512842,2,1,2.858994312514229,4,44.39193373473725,3,2,3,1,2,0
3,27.720840988308957,2,8682.91513133588,4,3,1.077414177165283,3,63.96199330658092,3,4,2,1,2,0
1,45.99131596620809,4,6734.045721600448,5,3,1.329427823736821,4,41.99795211714491,1,4,3,2,2,0
1,21.591435071280443,3,2909.5304561320945,1,3,3.145882536421884,4,54.63876713326803,2,2,1,2,2,1
4,4.476364880304345,3,25380.64498796418,3,4,3.4301047140555143,2,44.2955848534812,2,2,2,2,2,0
2,18.69940236704479,2,7812.117176682996,3,4,2.80193366334972,2,43.47392049486193,2,2,2,1,1,0
3,58.7528579851287,3,3986.089259937316,2,1,2.531735969647107,2,54.518695693731715,3,3,3,2,2,0
4,42.61182803499738,4,5092.87503384245,5,3,1.0403715698663425,2,55.92590742063541,3,1,1,1,1,0
1,52.05884182030714,4,11163.536645479659,3,2,3.3008020462332337,3,36.839236145632604,3,4,3,1,2,0
2,46.77527902711302,1,22148.61549977773,4,4,3.3296724195079843,4,18.0,1,3,2,1,2,1
1,72.0,4,9803.650840269269,4,1,3.258666965941095,1,35.06706880642146,1,1,2,2,2,0
3,54.337772993347784,3,2889.046282652701,2,2,2.702514889795896,3,35.31801966955117,1,4,3,2,1,1
1,35.34608006546493,1,3891.8078890253355,2,2,3.66494274630785,4,29.71440811265512,3,1,1,2,2,0
4,31.414434788113674,4,4318.314545516348,2,3,3.432304301856308,2,27.56354924015516,3,3,3,2,2,0
4,44.69749280490193,1,1664.6063673543385,4,1,1.5956234690288102,4,39.10913863852556,3,4,2,1,1,0
3,57.84475781798287,5,16351.97954724966,4,2,1.3483485100529222,3,27.33693442935239,1,1,2,1,2,0
1,21.073244565434695,3,3426.6145786526813,4,2,1.0534399057794976,2,36.38622726643986,3,1,1,2,2,0
2,44.140645742748916,2,3376.8327186784345,2,4,1.6408243789696404,3,54.24986553018795,3,2,1,1,1,0
4,39.41783984402755,5,4252.605721513487,1,4,3.209707452257655,3,37.77709204985434,1,3,1,1,1,0
2,41.68159533565309,2,825.6798908239247,1,2,2.4273038765787422,3,54.44264295363759,2,1,3,1,2,1
4,30.524061648080856,4,36518.1131173303,1,1,3.0878239466881574,2,55.685647555121875,2,2,2,2,1,1
4,46.28596588371886,4,3903.5115420171037,2,3,3.4124280179292032,4,47.917578958306635,3,2,3,2,2,0
2,59.56741127575174,3,19210.84808333185,3,2,2.0897032842306937,1,39.80503397069472,1,3,3,2,2,0
4,42.54860104757262,5,5180.963886519898,2,3,3.6320757948808793,2,60.6466742082329,2,4,1,1,1,0
4,4.0,2,5683.49802297902,5,1,3.3483804653826783,3,41.00794829409017,2,1,1,1,1,1
1,19.088574585447386,5,14011.040811137591,3,4,2.7932581269246657,3,24.906803363692205,2,2,3,1,1,1
1,67.01729675691605,5,1697.9561742134633,2,2,3.069392254275883,4,67.81083581637091,2,2,1,2,1,0
1,14.50591478480936,4,8576.702844510519,2,4,1.8742453324132702,1,23.579078004381344,3,2,2,2,2,0
3,13.3699689632181,3,2411.211910630219,4,2,3.2462526647145395,1,34.44862526383305,1,2,2,2,2,1
2,25.43267832104365,3,5188.2093854593795,5,4,1.4538873743003689,1,38.58259378602294,2,4,2,2,2,0
2,22.196256943861243,5,10616.27415132748,3,1,1.4933405878940622,2,18.0,2,1,2,2,2,0
1,36.22643374024278,3,4760.948378277118,2,2,2.8970553553503553,3,40.25837276864386,2,3,2,2,2,1
1,44.32562783815143,5,1051.5014403975947,5,1,1.6745492601194472,2,23.97994662742461,2,1,1,1,1,1
2,43.43266986832476,4,1732.68932365315,4,1,2.2767889086754534,1,29.05501696937889,1,1,3,1,1,0
1,27.37803952373551,2,763.4867792651578,1,1,2.664917152625062,4,40.014056916361305,1,2,1,2,1,0
1,26.4384814862222,3,9792.848047887943,2,1,3.0478800787155134,4,53.9396465472433,1,1,3,2,2,1
1,30.187474181391387,2,30574.581053432128,5,2,3.554151240410185,4,31.610293610510553,2,4,2,2,1,0
1,58.4125074462313,2,7374.668334743471,1,2,2.581783232834616,3,44.76635432695838,1,2,1,1,1,0
3,27.95543139750857,4,2990.2006979839953,2,1,2.5951980206990255,1,52.586832403064065,2,4,1,2,2,1
3,42.60450071284606,1,6195.922568782982,1,2,3.2570513034880912,1,43.96713778284052,2,3,3,1,2,1
3,33.776698467242156,1,5196.691233814535,5,2,3.4688219822561908,4,18.0,1,1,1,2,1,0
4,26.22393575134523,3,7693.224006854053,5,3,1.352656010864453,4,19.446246350993757,2,2,1,1,1,0
3,50.73013086660288,4,1732.8455247976742,5,4,1.3537145264554384,2,44.83860850584224,1,3,3,1,1,0
2,25.199420338853876,5,5130.197748037739,4,4,2.690517865304525,2,42.17645934773985,3,3,1,1,2,0
4,40.27064602631556,4,3378.057952612595,5,4,2.3968419995999755,2,44.99215181928924,2,4,2,2,2,0
3,47.58590199321161,1,5147.331388621066,2,1,2.504261129351137,3,57.983693434948904,2,3,2,2,2,1
3,43.83060170098384,5,5415.868907013565,4,3,1.6099388586890235,3,44.57139293054462,1,1,1,2,1,0
2,41.87222436604146,1,21312.773214268243,5,2,3.578514966206403,2,35.962854027811744,2,2,1,1,2,1
2,37.023904382938014,4,4055.59674736495,5,1,1.536085534084152,1,47.63167844607213,3,4,1,2,1,0
2,38.10714031504902,5,30102.373902302585,5,2,1.8282899668704582,2,43.676701531466925,2,3,3,1,2,1
1,35.58602405528415,3,6995.0624294052395,2,4,1.687106422951628,1,52.38035719602053,3,4,1,2,2,0
3,26.847549373563034,4,25615.169538878625,1,3,3.5365871185973674,2,46.01932578424669,1,1,1,1,1,1
2,25.247996985519926,4,530.0633276558808,4,2,1.5374933296190991,3,31.97099466718088,1,2,2,2,2,0
1,35.765564158969966,1,8763.337614572078,5,1,3.5215120474294235,4,49.32036522595933,3,3,3,2,1,1
3,38.99281355348487,1,12861.227581294363,3,2,3.8078812800380977,1,37.63605472140165,3,2,1,1,1,1
2,40.660097221406815,2,2264.2554215740643,4,1,2.545245594910451,3,22.235570069988746,1,4,2,2,2,1
1,46.577119791795994,2,8568.924578120328,4,4,1.8697993392405476,3,29.763401783932856,3,2,2,1,1,0
1,15.508240119001453,4,6579.048980045676,1,3,1.3009276181412845,4,28.474756119518773,2,4,1,2,2,1
1,42.42189271656105,4,17514.58995394529,4,1,1.1601097572538233,4,22.415079811797515,3,1,3,1,2,0
2,41.67227251464238,2,1273.613239649797,2,3,2.8151744616385272,3,49.004157859138296,1,1,3,2,1,1
1,41.91892722440065,5,2896.0872193427567,4,2,1.170658794730444,2,18.681120903677463,2,4,3,2,1,0
3,43.65044754795019,2,7219.618523306274,2,3,3.9564667088131347,4,59.98293375285946,1,3,2,2,1,0
1,22.63085154026485,5,5367.376887454003,2,1,1.679316240615742,2,42.3569760832703,2,1,1,2,1,1
4,39.84835608191233,3,6455.292446996206,2,1,3.8580463124927906,1,37.84859481012801,3,1,3,1,2,1
3,40.19559032114164,1,5121.120738350375,5,3,3.484805469892854,4,23.009198589572506,3,2,3,1,1,0
1,5.541491520670871,2,3395.7975760040185,4,1,1.810828485417328,3,36.61375839734795,1,3,1,2,2,1
3,61.44196770097754,3,2656.5140209658025,1,3,2.2611881892664267,4,36.0292012950927,3,1,2,2,1,0
4,20.043769257033006,1,2307.8095553765197,2,4,3.9669666427956383,3,27.702459890483475,1,3,1,2,1,1
4,40.14388977384361,5,4290.593363894686,2,2,1.7336973324206495,4,44.878013014340084,3,2,3,1,1,0
2,4.0,4,2418.7885375200885,3,2,2.448352744930085,3,48.37793283289396,1,2,2,1,1,1
4,55.492197542435186,5,10169.67955626916,1,1,2.936989189906937,1,44.46528376277689,3,2,2,1,2,0
3,25.23340968371603,4,2955.1632869240516,2,3,3.1282793875797585,4,61.57368160740941,1,1,2,2,1,1
3,28.528430988291966,2,1919.2267946923384,1,3,2.358604529789198,3,28.60064411235752,3,1,3,2,2,1
2,18.22233638862421,2,4334.066708920272,5,1,1.6970949718307047,2,29.128784960046413,2,3,2,1,2,0
1,27.098495946978176,1,8704.021395701757,3,2,3.346487350418222,1,33.325460058737235,2,3,2,2,1,1
3,38.258160053043305,5,5304.338558320451,3,2,2.162537776731825,2,49.34327178334229,2,2,2,1,1,0
1,63.99743080832768,2,8887.133003603492,2,3,3.7544818216577065,2,45.125263531352054,3,3,1,1,1,1
1,51.795066867785266,1,3071.829544482348,2,3,2.133159636713205,2,18.0,3,4,3,2,2,0
1,51.2272095782924,5,9814.837302282298,4,4,2.180814679905463,3,43.661251676855834,2,4,1,2,2,0
3,14.476470405676213,4,10453.462810707444,5,3,3.261671636739888,1,18.373949847516045,3,4,2,2,1,1
3,40.08975529751704,1,10232.00195153391,1,4,1.963492243381698,3,51.03839973559951,1,3,1,2,2,1
2,28.315096992123916,4,1176.006670542083,3,4,3.0520353745599387,4,53.95714099383275,2,3,2,2,1,0
2,16.099842968093917,2,4749.8855659471155,4,3,3.3168785175009625,1,24.65853909662213,1,4,2,2,2,1
3,24.450938487459347,3,2072.604123627827,1,2,2.0755827191065657,2,30.06707225862592,3,4,3,1,2,0
1,36.360436997232604,3,5030.298844857041,2,3,1.333338273709602,3,26.39323078135625,1,1,2,1,1,1
1,29.267827818700194,5,11317.95270580161,1,4,3.1297905983038508,4,59.611516431525644,3,2,3,2,2,1
4,41.58712413867581,3,3812.3994753883526,5,1,3.160886126512227,1,28.917008999059348,2,1,3,1,1,1
4,13.525322001752265,4,6717.85836438144,4,4,3.3763412860954074,3,51.8145684483879,3,3,3,2,1,0
2,72.0,4,6374.719399551082,5,1,1.7691224875498315,1,47.103744783494896,1,4,3,1,1,0
2,39.988448727057225,5,5800.92532180534,1,4,1.7465500080723073,4,47.631556221378176,1,4,3,1,1,1
1,27.328863599302323,5,814.4597041545002,4,4,2.25505360998137,3,33.139282813799305,1,3,1,2,1,0
3,30.196392592844717,5,4489.226524428315,5,2,3.5235730053114165,2,18.0,2,3,3,1,1,1
2,10.063622506148626,2,11705.264635586449,4,2,2.205150133597151,4,18.0,3,3,1,1,1,1
2,8.324042263646021,4,4170.580727233023,3,2,2.980161290725396,1,35.283175140506614,2,2,1,2,1,0
4,32.57855899105144,5,4788.6473585094545,1,1,2.0524890936008737,2,20.0371371553781,2,1,1,1,1,0
4,39.841605690419904,5,9285.810508257044,1,4,2.7127100686627665,2,24.62027655703279,1,4,3,2,2,1
4,12.79986515462641,2,17930.898714137747,2,4,1.0349621122465602,1,30.551168242014654,2,4,3,1,2,0
1,19.82249860082458,2,9674.683388568485,2,4,2.410313427086458,3,36.42239385367804,3,1,1,2,2,0
2,38.22962495058228,5,14427.79586540798,5,2,1.4451535340006432,1,22.939268350829952,2,3,1,2,2,0
3,16.92067911967318,2,3249.0251221387057,2,4,2.635662561634149,4,45.49786470382759,2,3,1,2,1,1
1,52.18988996841938,5,5289.191515074337,4,1,3.181625007782987,1,33.41363262794739,3,1,2,1,1,1
4,41.428398257323984,2,5533.546260000023,2,3,1.7949293204979808,3,53.928903390206685,1,2,3,2,1,0
3,28.03150913340427,5,13542.711439813527,4,3,2.7250901356695527,2,44.62907599211253,1,4,1,1,2,0
3,38.630693323312855,1,2351.778769379231,1,3,1.6907969237841693,4,49.987308962684104,1,2,3,2,2,1
1,20.78213947102074,2,3759.1179658513506,1,2,3.0883457350452224,1,18.0,1,3,1,2,2,0
1,20.919774053286098,1,14281.521586248073,2,3,3.166530455169997,1,55.882941603184385,2,3,3,1,1,0
3,62.30116456432776,4,7007.588656732367,3,4,1.7468014516296881,1,53.56184686553806,1,3,3,2,1,0
1,66.00899302741611,2,2858.6352809141563,4,3,1.9270828781167553,1,66.77025106914658,2,1,1,2,1,0
4,28.224326548896975,5,32279.531475977932,1,1,1.844268436336524,1,34.62729223201786,3,3,2,2,1,0
1,36.2063596995482,3,1815.244128467959,3,3,1.7836836162708556,1,37.40997667543083,3,3,3,1,1,1
1,28.361883067167945,3,4959.1528031919315,5,1,1.240517422991804,4,36.70423395332218,1,4,1,1,1,0
3,56.336685347243396,1,16347.590405703895,2,4,3.96142923602516,2,38.08172790436046,3,3,3,2,2,0
1,71.0201718891208,1,25493.545510701824,3,4,3.8023013527332448,1,63.917387430144046,1,2,3,2,1,0
1,25.350790079429288,2,10465.292518958157,2,2,2.8806242280251477,3,31.84161102466168,3,1,3,2,1,0
3,13.667790620073767,4,5597.4971325047,3,4,3.239211829521587,2,23.328275006761206,3,2,3,1,2,0
3,52.325191683373546,5,12501.691053920782,2,2,1.386074310839047,3,25.95021415103185,1,4,2,2,1,0
1,48.70776409850642,4,3407.708903782107,3,2,3.190732669243988,3,60.075733421011215,2,4,1,1,1,0
3,59.07963169175147,2,1184.7590329493557,4,2,3.2660358108695515,1,64.5283556083359,1,1,1,2,1,0
2,39.879234165988414,1,7202.150876619823,5,1,1.2904693226220778,4,50.001263696791476,3,3,3,2,1,1
3,4.0,5,4260.592656331268,5,3,3.3965847476159987,3,31.30731491294729,2,4,1,2,2,1
2,14.617407444545734,4,4528.067254769459,4,1,1.3066954896933498,1,70.7064655931373,1,3,2,2,2,0
1,68.81840467531896,1,1918.062553101621,4,4,3.410671711483873,4,28.51490621113348,1,4,2,1,2,0
1,34.97389022647147,1,4929.23995557813,5,3,3.0026248348452955,2,34.02142225786735,3,3,2,2,2,0
4,20.32345524497796,5,6716.7179397762475,5,1,1.54575386392446,3,32.37006666276726,1,3,1,2,2,0
1,4.0,1,33013.30643700107,4,3,3.2379903863754222,4,41.625692722686885,1,2,3,1,1,1
4,44.64131498821533,4,2325.6307544273013,4,1,2.2457828482253825,1,66.04466056157851,3,1,1,2,2,0
1,37.16964711386498,3,8503.687716280583,3,3,3.7115554584820716,4,60.811976453028436,1,2,3,1,1,1
2,13.825221354161659,3,3182.3001325691944,5,2,2.0198620051356744,1,30.628301869892304,3,2,2,2,2,1
4,19.160324612215373,4,394.1369924839394,1,3,1.8872335119090358,3,34.89188288271642,2,3,3,2,2,0
1,21.65518865393455,1,2445.716401143185,5,1,2.298524534752312,2,53.70572368342984,3,1,2,1,2,1
3,44.115452925084476,2,29151.478106711016,5,3,1.6140083662481173,3,26.679841332235462,1,4,3,2,2,1
2,66.52175139240994,1,2360.035667904032,1,3,1.5307172172437216,4,22.140932567117186,2,2,1,1,2,0
3,29.709976304923444,1,5788.800954202442,1,1,2.3025480483983483,2,35.605786571535496,2,1,3,1,1,0
2,65.4216769459534,5,41865.97439755206,1,1,2.7971562904845744,2,23.33641877152083,2,2,3,2,2,0
1,35.738021350993336,2,13622.87804455799,2,1,2.5138992911174283,2,46.675921535893124,3,2,2,1,1,1
3,21.23877073550461,1,6423.695560817328,5,2,3.2626280098522105,1,54.742869628212674,1,2,1,2,1,1
2,60.91057326629118,2,5420.410557052062,3,4,3.748544843834317,2,32.39568111779872,1,2,1,1,1,0
1,44.57832796987353,2,19683.799840635667,1,3,3.4316030506426425,2,42.02846927908716,2,2,3,2,2,1
1,60.19400809488482,1,4588.123386868046,2,4,1.7430233563433766,3,39.44481036735174,3,1,1,2,1,1
3,42.78304050300774,5,10415.91483021526,1,3,2.3735613226425576,3,56.836922986884645,1,3,3,2,2,0
3,72.0,1,2076.4085680432304,5,1,2.0739397329255604,1,31.77850029813569,2,2,2,1,2,1
4,40.94950436920035,3,3034.618718895293,5,1,1.5857162552025894,1,19.113776564300178,1,2,2,1,1,1
4,45.26041028925548,2,9928.309863283683,2,1,3.866174990097655,4,61.47690582792163,1,1,1,2,2,0
4,23.04692960220861,5,1643.8770727005647,2,2,1.271264857356651,3,29.64403674752401,3,2,1,1,2,0
1,53.205964376054354,3,1736.3591001765276,5,4,1.234689145465445,4,53.40018225680055,2,2,3,2,1,1
3,33.57765618957166,3,6102.540165329845,1,2,3.8483706096447357,1,47.00153745516844,2,1,3,1,2,0
3,48.641343989539365,2,1471.4496489014475,4,4,1.7857551940811685,1,52.37232424563675,2,1,2,2,1,0
2,62.01571354025742,3,4553.218472797682,3,2,1.8835885980623663,3,38.06572147270245,3,2,1,2,2,0
2,37.131073080951786,5,1148.10116450387,3,1,3.064427556389047,3,50.80392660139554,1,3,1,1,1,0
1,48.51022085095236,3,2866.534221034663,4,2,1.5888550703900806,1,48.17770184243908,2,2,1,2,1,0
3,61.41115269977985,4,15200.015466958606,3,2,2.1317431087410785,1,28.300666181365244,1,3,1,2,2,1
1,18.21765819911077,1,4744.433071021022,1,3,1.221592271195044,1,55.6301829718974,1,1,1,1,2,1
1,38.5824520074104,1,1327.5506753134032,5,4,2.8346347614709337,1,61.231778737394336,2,1,2,1,2,1
3,6.733955420125778,1,4892.99553670045,5,3,2.2310574841155892,2,18.0,1,1,1,1,1,0
2,33.435980866728,1,11448.752957932325,1,2,1.6776918397022051,2,42.41113110507124,2,1,2,1,2,1
4,52.9182816375767,3,7224.41551923773,3,1,3.0010394535476856,4,36.61928422940805,2,1,2,2,2,1
2,4.0,1,13193.694830178792,2,2,1.6919621810799632,1,63.73721927457952,2,3,1,2,1,1
4,20.653775493688634,4,4659.317305165281,5,4,3.0615826860511115,4,36.55389882120878,1,3,1,2,1,0
1,13.30887678589174,3,3323.3142852442784,3,1,2.4521049217353896,2,51.39526418763052,2,1,2,1,1,1
1,51.24253220508879,3,6478.920171477879,5,3,3.954361153381281,1,33.96632946975753,2,4,2,1,1,1
3,44.99451572765605,3,9436.83785785081,4,1,1.2865531276192257,2,28.994758148489684,3,2,3,1,2,0
3,56.97577885336794,5,4133.6529452446375,5,2,1.0875673318158743,4,70.06335887352922,1,3,2,1,2,0
2,53.15865274344962,5,9494.193131890976,2,2,1.5658820473532284,3,22.502399016310136,3,3,2,2,2,1
1,26.337383336420395,2,4408.8989048415015,1,1,3.6977739617828074,2,36.00396717093834,2,1,1,1,2,0
1,33.34733782790077,3,1941.2037789249775,5,4,3.8931486714352306,4,48.79230592643557,1,4,3,2,2,0
1,29.211981154408342,1,4110.270807545483,4,1,3.217670746039972,4,39.77097480444628,3,4,3,2,2,0
3,62.01017254401703,4,6176.449456441449,5,2,3.5010451425826803,1,18.0,2,3,2,1,2,0
4,45.68845022503096,4,4733.029027137412,4,3,1.342008849221461,2,18.0,2,2,2,2,1,0
4,53.51712082182884,3,2057.3360419521377,1,2,2.044648463082799,1,29.66984861740055,3,3,1,1,2,1
1,49.20425781316886,5,3288.2047592781646,1,3,3.1042127769745864,1,62.5030343411634,3,2,3,1,2,1
3,27.106041044328997,5,1759.8908087842628,5,2,2.2852234644759566,4,39.877489503244,1,4,3,2,1,1
4,19.62260898343152,3,5802.316911141821,2,2,2.011790146666847,2,31.26851454600343,2,1,1,2,2,1
3,44.95399187879265,1,10454.359794651917,1,3,1.917259751288602,1,42.54070144093082,1,3,2,2,2,0
2,62.541802278729975,1,6928.03939431079,1,1,1.1412781559034528,3,73.38562282805673,3,2,1,1,2,0
1,41.95834064209033,5,1024.2898174410527,1,1,1.6321414982276616,3,47.62413560417997,2,3,1,2,1,0
2,14.642224159651168,3,5628.54021161296,3,4,2.9600849035090615,2,37.61937563080483,1,4,3,2,1,0
3,46.17018074177079,2,1855.9169765491458,3,2,1.396062306127697,4,40.50206957379855,1,3,2,1,1,1
2,26.635605276002188,3,1064.5229686276355,4,1,1.4685215915717855,2,57.11464348286147,3,4,2,1,2,1
2,4.469094229478117,3,33332.70199130971,5,2,3.0928526100403038,4,19.506870303360007,1,2,2,2,2,0
3,65.03776110743335,5,7920.285689431085,3,1,1.490017699470869,1,32.201490787383655,1,3,1,1,1,0
2,21.182154169854854,2,1716.1025134748938,2,4,1.6760952415865265,2,41.05213786177268,2,4,3,2,1,0
1,59.230273767032905,2,5668.78114495486,1,4,1.22406460964095,4,36.368073648959566,3,3,3,2,2,0
1,60.81945528542262,2,6536.862968390239,5,2,2.9146666391839604,1,48.94929445328898,1,4,2,2,1,1
2,43.34149922566446,1,3076.0688958124415,4,4,3.3493664813182975,2,56.49267481249689,1,4,2,1,1,0
4,20.665071166197187,3,6844.553713994741,1,3,2.7436085992403982,3,56.95590025360922,2,1,1,1,1,0
3,57.22155878876608,5,7109.24455020085,1,4,1.7650747054674998,4,48.953591446447646,3,3,3,1,1,0
1,21.466815308242257,4,1090.916016627209,2,3,3.1162364815700028,4,22.832887994681272,2,4,1,2,2,1
2,35.17747010532829,1,571.2030150322241,5,2,2.556152261980967,3,27.728664832111424,3,4,2,2,1,1
1,31.646409529303444,5,1768.3254124270566,2,3,1.4150818463466477,4,50.293686280216846,3,2,2,2,1,0
1,29.087946366230586,5,2447.0437602546176,4,4,1.5546938799208845,1,34.65834779369327,2,2,2,2,2,0
3,40.37781514063506,3,8652.487608716516,4,2,1.1449319939953861,3,44.85161254981396,1,4,2,1,1,0
2,5.72519033836879,2,16261.486485783373,1,4,1.1027962192615055,3,28.433043205245262,2,2,2,1,1,0
1,23.7081381659212,4,7548.367366653776,4,4,1.503906641548252,4,51.3994872217274,2,4,1,1,1,1
4,19.744577086802153,5,2281.3160297817362,5,1,3.079423156861316,1,24.012269445177946,3,1,3,2,2,0
4,45.86444258006047,1,3404.17868693495,1,1,1.9231424541724187,4,77.14575565309686,2,3,1,1,1,0
2,48.71080020032227,1,1349.4775999785156,5,1,2.2090411241444383,1,21.88069078659828,3,1,1,2,1,1
2,32.40564730643127,3,3952.0946527772494,3,2,3.2693916323298606,4,60.232859713375845,2,4,1,2,1,1
3,47.11222572317791,2,4634.458092380424,2,2,1.383416703769911,1,56.058338055738915,3,1,2,2,2,0
1,34.79571070191925,5,33130.06806687092,5,2,2.6298139606188906,4,53.80194749626001,2,1,2,1,2,1
4,30.768791106237654,5,2752.3367337969976,1,4,3.646828197099036,4,27.394189627880245,1,4,2,1,1,0
4,41.84452038838981,2,10007.375496776507,5,3,3.5145248692409288,4,35.845251117618034,3,3,2,1,2,1
2,39.84094385810652,4,6369.462612008831,4,4,2.0684477813909483,1,50.5222406647375,2,1,2,1,1,0
2,16.91053650264917,5,1483.5673731481268,4,3,2.1627785746509196,1,29.99842894268466,1,1,3,2,2,1
2,52.85809620147337,3,4011.819362547922,1,1,2.483990820149371,3,36.80969255349515,2,4,2,1,2,0
4,10.209094901314753,1,1847.4290476797855,5,3,2.6985107246929605,2,27.879152832587224,3,3,2,1,1,0
2,12.433570831112846,2,23263.3319819317,3,4,2.8596872715628763,1,58.45286918033875,1,4,1,2,2,1
3,17.53720037765484,2,7585.847817893025,4,3,1.409044911848854,1,18.0,2,3,2,1,1,1
3,35.6116729802701,2,1619.8324465670137,2,3,2.7876394826578044,3,59.13064776030108,1,2,2,1,2,0
2,64.19674387682495,5,12065.968851937912,5,3,2.5007163540609807,1,62.92849943905886,1,2,3,1,2,0
4,59.1769652391953,4,14899.192334335266,5,1,1.048436812694528,4,42.31055514080459,3,1,2,1,2,1
4,19.5337000398061,4,18707.583360677192,5,1,1.902338973098537,2,18.0,2,3,1,1,1,1
1,34.08212655715441,2,7801.407846469282,5,1,2.659827445835524,2,58.95445621667108,2,4,2,1,1,1
2,13.703199485146513,1,4952.110243041255,2,3,3.4677805655918927,3,54.234944651881854,3,4,1,1,2,1
3,23.503806007898042,5,6279.98840880392,5,1,1.790651352129734,2,42.858199453214375,3,4,2,1,2,0
3,70.72561999213089,5,5335.788789973661,1,3,1.137133331847434,1,66.13423502449761,1,4,1,1,1,0
2,32.334935884727855,3,7423.810886238343,1,3,3.0358648462217044,3,42.1426930406698,2,2,2,1,1,0
3,57.23785233507214,2,1779.0202120911335,5,3,1.0173792908734636,3,33.209513807974254,3,1,2,2,1,1
2,50.62110477287502,3,14030.80711092998,4,2,3.9619549494233013,1,53.63151948670969,3,2,2,2,2,0
1,23.74744804613806,5,3633.0108270347146,4,3,1.4271785310824825,2,59.014153209892115,1,4,3,1,2,1
4,20.55907931694849,5,13079.23617741321,5,2,2.345556157114043,2,34.501280698128916,2,4,3,1,2,0
3,35.24145143576433,2,3402.758571230595,5,3,1.4645447956815816,4,18.0,3,4,2,1,1,0
1,33.52464729245184,5,9382.824240571443,5,2,2.3879331356093605,4,28.331776081166446,1,1,1,2,2,0
3,52.03250946516269,3,19429.198823708688,5,4,2.888598539597423,4,46.598981906366106,3,2,2,1,1,1
1,31.024669858934185,4,7667.278234218231,3,4,3.905059237290766,4,46.43569817925133,1,2,3,1,2,0
3,51.89804679771067,4,9447.716735902892,1,4,1.70084443400129,4,48.70162914636323,3,1,3,2,1,0
1,23.975411727452414,1,9342.845297251099,4,3,2.5046505853345713,2,55.509612562370236,2,4,3,2,1,0
4,36.493131197160594,2,2897.408098591584,1,2,1.7615556273074247,4,38.9232944979887,3,3,1,1,1,1
2,18.122492376361098,5,1475.7316793336013,5,2,1.4000031217280726,1,36.54793286675296,2,3,2,2,2,0
4,5.36100683566055,5,28806.428356519467,4,3,3.3811482900204446,1,18.0,1,3,2,1,2,0
3,19.550707000574665,3,5574.646124559827,1,3,1.0053989243642063,2,46.33480555143823,1,2,2,1,1,0
4,45.08158006390356,1,15916.91248381653,1,1,1.842847690212159,2,26.076533206687287,3,2,3,1,2,0
4,60.57466616674577,1,16185.29023156293,2,2,1.1627954722070981,1,37.22312665670657,2,1,3,2,2,1
1,33.44159872605279,3,1926.7447903510324,4,2,1.0511211326877752,4,40.92169204401744,3,3,2,1,1,1
1,44.28292576443528,2,1405.0728973514977,3,1,2.6823526275934677,1,33.297459802819965,1,3,2,2,2,0
3,30.094750347005917,3,6711.714884865959,2,3,3.2453649008567185,2,44.46918728042034,3,4,2,2,1,0
4,27.521309009000653,5,3860.9863302689005,1,2,2.615375994368925,2,66.03181460226993,2,3,2,1,2,0
4,55.98058448920883,5,1860.4955070548922,4,1,3.1482753590530947,3,46.28327277262503,2,1,2,1,1,0
2,59.39501712526801,4,420.9311699513128,4,4,3.395346618265242,2,37.86744649277788,2,3,2,1,1,0
3,61.4169931343222,1,8824.146011083341,1,2,2.4226502838241455,1,41.5396456976779,1,2,2,1,2,1
3,51.11878333237337,4,3524.134635496944,3,1,2.3831944242925296,3,18.0,2,4,2,1,1,0
4,30.30649108730374,2,37366.01481322757,3,2,1.4768836592279806,1,50.75426408877196,1,1,2,1,2,1
4,25.40088025145986,2,9268.38738916674,1,4,3.006280452316525,2,41.42515785053696,1,4,1,2,1,0
1,6.082699853605675,1,6555.5474367405295,5,2,1.6436340802775256,3,50.012048524458336,3,2,1,1,2,1
2,70.81256948190205,1,4712.410160841292,1,2,2.911363519271245,2,56.960106778089525,3,2,2,1,2,1
1,9.206862404790893,1,1654.9308093410816,5,3,3.360493225563736,1,50.36954013060018,2,2,1,2,2,0
2,36.6918228347429,2,18795.108836888674,3,4,2.3433234177391036,1,47.87486241510599,1,4,3,2,2,1
1,7.182341320009826,2,14093.953313818753,2,3,2.8251881323906285,1,56.018547317332875,1,2,3,2,1,1
2,55.277685695396954,4,6015.711610518939,3,4,1.6701599309308253,2,25.03660636569249,3,4,1,1,1,0
4,42.90588925103769,4,577.0945769336596,2,2,3.602527852215459,3,43.613766442861,1,1,2,1,1,0
3,59.73825381427291,4,11096.480123628919,4,3,2.8842848867474786,1,35.72648810244414,1,1,2,2,2,0
2,39.81528593534992,4,149.7824923727799,4,3,2.561221513011978,2,42.13995698486468,1,2,1,1,1,0
2,48.588342351903634,4,1342.9578851848207,4,1,2.5818235530758105,2,48.534371324196655,3,1,3,2,1,0
3,42.343359749374066,4,7904.529396590154,5,4,2.7668337148980875,4,32.51152837187621,3,3,3,2,2,1
4,58.857944797700824,2,3103.9730070393243,3,4,2.869857804305927,1,29.457924354687,2,2,1,2,2,1
3,42.344429063517175,3,13134.992830147969,5,4,2.828246055669261,3,60.000523774676445,2,1,1,1,2,1
4,53.83253920079313,4,3114.1887004337304,1,3,3.0518880115580718,3,39.11056208344502,1,3,2,2,2,0
4,72.0,2,2805.3731893900595,2,3,3.1813586378013268,3,47.56168339618263,1,2,1,1,1,0
1,21.52959002452947,2,1650.6766378905995,5,4,1.689176644291357,2,48.2994104157615,2,4,1,2,1,0
1,22.799331402473705,4,1233.2728185506653,1,4,3.40835967787582,2,57.10769403526444,1,1,3,1,2,0
4,58.40684966810905,2,15922.073087020879,4,2,3.3694972335733375,1,38.25077050295598,2,3,2,1,1,1
4,40.468521005784545,5,11234.191384435737,1,4,1.335047511934834,4,54.678677717994844,2,2,1,1,1,0
2,40.90971919937313,1,4462.841259143517,3,3,2.3427873004395234,2,32.350267441120046,3,3,2,2,2,1
1,47.87494501876803,2,1567.5445563992728,1,4,2.9100227315222886,1,40.37393907371076,2,1,1,1,2,0
1,40.30735979755019,4,2690.8452255346274,5,3,1.1641207999634102,4,51.342510490074076,1,1,1,1,2,0
1,7.42953520514866,5,1096.2992940310796,4,3,3.6356357442384484,3,39.53097515484802,2,3,2,2,1,0
1,40.65483439598151,3,5207.264086008723,5,4,1.7984166739273648,3,28.143787360567103,2,3,1,1,2,1
1,16.314825302164415,5,11108.16168628515,2,2,1.8889512973997054,4,46.07641371150663,2,2,2,1,2,1
1,45.75991528713039,3,2204.1264131710896,1,2,3.2882704449609155,4,18.0,1,4,1,1,1,0
3,44.429034666930775,2,1169.7135357472657,2,1,3.1338668302839547,4,18.0,3,2,3,2,2,0
1,41.82125905076749,1,3583.561783083097,3,2,3.9235419599326185,1,66.88714103143549,2,1,3,2,2,1
4,33.816144616001,2,1940.5665235452047,1,1,2.1689936853708653,3,38.04193533871856,2,3,1,1,2,0
4,72.0,2,2664.003233519786,5,1,2.4179819060165326,2,69.02497878639734,3,4,2,2,2,0
3,72.0,1,10893.762560179388,5,3,3.373004399975994,2,33.33814900684483,2,1,3,1,1,0
4,4.0,2,2132.12879170326,2,4,3.481729746358942,3,44.64070454564104,1,4,3,1,1,0
1,27.47226473094744,5,4844.575237574966,1,3,1.205568826822097,1,46.07417537663619,3,2,2,1,2,0
1,66.9812363372065,5,5303.174994962236,1,4,1.4195000551998596,3,62.37360344443356,1,4,3,2,2,0
2,54.22270342085584,2,5752.456892904739,1,4,2.503365987088418,2,37.43661889349349,3,2,2,1,2,1
1,31.19955679825361,5,2533.377750827679,3,4,2.851767425509352,1,35.76540929097351,2,2,1,2,1,0
3,57.86005499973067,5,5963.697993724614,5,3,3.8491784836421647,3,42.99533295810231,1,4,3,2,1,0
4,22.03034844831981,4,3218.9100864748916,2,2,2.0624121401032465,4,37.165695929796044,2,1,2,2,1,0
4,23.286606109275077,1,2237.6605795061055,4,1,2.7174561085134314,2,28.229553645748,2,2,2,1,2,0
2,36.25398845136235,5,7749.470371202705,1,4,2.950104745770016,1,57.97875574704146,1,4,2,1,2,0
1,44.9549015972917,3,2231.473132106825,1,2,1.8452574813304428,2,42.617418825129626,1,1,2,1,2,0
3,44.05740778895159,4,11729.87228881126,5,2,3.8272583947593555,4,43.54134962823032,1,4,2,1,1,0
2,40.917182871762314,3,2709.1766457342083,2,4,1.663054135024658,1,41.009229947628164,2,2,3,2,1,0
3,38.86934466130217,5,4178.471205627658,4,2,1.039703292964622,1,50.81688079051757,2,1,2,1,2,0
1,32.91586773498788,3,838.6091155295379,2,4,2.7340713760414035,2,45.042199966606496,1,4,3,2,2,1
2,28.926705789318227,2,2641.213639004076,5,4,2.90148695238728,2,70.15183849377567,2,2,3,2,2,0
1,36.055823958413534,2,1272.5425104623312,1,1,2.7986278688132344,2,20.105159566240246,1,1,3,2,1,0
3,41.98646024285245,1,11034.628283418082,5,4,1.751228279719199,3,35.57788684261012,2,1,1,1,2,0
3,21.631180820686186,3,1091.1282131534933,4,3,3.4632220102726095,2,32.00167285098678,1,2,1,1,2,0
2,11.438425655576207,4,12072.333265158144,3,1,1.3497283890678593,2,45.0427790265783,2,1,1,1,2,0
4,37.614862790485994,1,10708.522791735177,2,3,1.121277289162061,4,54.74251637332205,3,3,3,1,1,0
2,39.21499212801353,1,2100.2968410976537,2,2,1.7646038000023436,1,57.9849113971633,1,2,1,2,2,0
1,29.75310023844488,4,1791.6273360614325,1,4,2.427605599427001,4,21.6265174552751,1,1,2,2,2,0
2,26.37956412401938,5,2514.159426140541,2,4,3.57134206543636,3,46.203276544695505,1,4,2,2,2,0
1,39.06471953004824,4,2209.221937530899,5,1,1.6448008059036416,3,42.951441490931636,1,1,2,1,2,1
4,35.136029148268,5,4728.255242729027,5,3,3.4446395570758814,1,71.4611635387158,1,3,1,1,1,0
3,34.81255335312204,3,2891.233219999299,3,2,2.7937046782847568,3,58.790878543520165,2,2,1,1,1,0
1,71.38731257274517,1,5094.294849443762,3,1,3.2788064937288857,1,20.02307117932912,2,3,3,2,1,1
2,4.0,5,3721.140249541801,1,3,2.330625475785123,3,63.38138279026082,3,1,2,2,1,0
4,12.96307837455501,5,16494.55469977862,5,4,1.095063294923139,4,46.37747137822937,3,2,2,2,2,0
3,32.986112115762445,2,9694.439973626764,4,4,1.670436163697703,1,40.54595675295005,3,2,1,1,1,0
1,48.76066351330189,4,2358.0035593822113,5,4,1.905488872454138,4,18.0,3,4,2,2,1,0
3,23.44292140565061,4,8175.963259345524,4,1,1.2289150727554572,4,34.91086035430245,2,3,2,1,1,0
3,14.638578431028147,3,2058.9862934345197,3,3,1.4714532254689396,4,67.59046625016735,2,1,3,1,2,0
3,32.835830352674805,4,1750.669848611677,3,1,1.4000914379756106,2,40.783809127918566,3,1,2,2,2,0
4,32.75885839064311,1,7515.500824745662,5,1,1.442308197395403,3,39.93959137407474,3,3,1,1,2,1
1,5.100184284024607,3,15187.414991344825,2,4,2.8935327617429167,1,56.97039354761946,2,4,1,2,1,1
3,43.59392823603912,1,9480.158323156817,2,2,2.1688451541440497,3,18.0,1,4,1,1,2,1
3,33.23767163157467,3,8149.076080869296,3,3,3.2073542377930253,2,33.16441433947162,2,3,2,1,2,0
4,45.168084928296054,3,19074.839975342908,1,4,2.9404130619170203,4,47.01134334717224,1,3,3,1,1,1
3,44.07658373620029,2,6964.243038547661,5,4,1.3999914166397187,1,79.49789496101747,1,3,2,2,1,1
2,4.0,1,4182.5111339775485,3,3,2.349454456108341,1,53.332108246905435,2,2,2,1,2,0
1,35.35369308343079,2,5486.872144057035,4,1,2.2612447366781767,2,25.733882115040124,2,2,1,1,1,1
3,34.02300892727211,1,1998.8126088612353,3,1,2.58739211563657,2,44.179636719933185,2,2,1,2,1,1
4,27.642085949879856,1,4233.0949368131505,1,1,3.5512046765334544,4,37.93678893646325,3,2,1,2,1,1
2,41.02893586668853,2,12680.526097168826,5,3,1.863546170697178,2,37.01608796589989,3,3,2,2,2,1
3,29.930990180072328,1,3458.791556501655,1,1,2.6026923464776845,3,37.31456534306015,2,1,1,1,2,0
3,23.298867830643776,2,10468.976122333552,2,2,2.1349989090089307,4,40.942208622454736,2,3,1,1,1,0
4,31.58982618335188,5,40018.2313044343,2,2,3.6748631771034574,4,20.934099087437446,2,3,1,2,2,0
3,21.144298461829777,2,1392.7011618636695,1,3,1.7336371973752844,3,51.917518220312466,3,3,3,2,1,1
2,37.73053371582852,3,1550.4283265932927,1,3,1.93879295247038,2,36.10617545000668,1,1,2,1,1,0
1,25.942525037576736,1,24941.28642748136,1,1,2.4271771697068267,1,27.398900865102963,2,1,1,2,2,0
3,30.440609430013538,3,46855.124819827804,2,2,1.9926549749880618,1,18.0,3,4,2,1,1,0
3,9.198346399896955,3,2204.5105587006688,4,3,3.2978570530976565,1,36.33242927198487,2,4,3,2,2,0
2,15.578686041019303,1,3305.668086932667,3,2,3.556945289451594,1,37.2576840656043,2,1,3,2,1,1
3,42.53971935024039,1,12990.316866942767,3,3,2.5719942115322376,4,60.3133307582369,3,4,2,1,1,0
1,58.68983235311875,1,23172.378353865177,4,3,1.9734348720724855,4,47.32385668098049,3,4,3,2,1,1
4,36.02694516240345,1,7021.170275723192,3,1,2.9538519642783205,4,37.44906292967487,1,3,1,1,2,0
2,66.08109088888955,1,5710.8870310190205,5,3,2.2820879516067767,3,28.220158969688836,3,2,3,2,1,1
1,46.159696733590295,4,1125.764072618659,4,2,2.8267557119925804,4,28.170256667005518,1,1,3,2,1,0
1,31.48218516394728,1,2929.797148658563,2,3,3.0337300583315985,2,42.40884649031822,1,2,3,2,1,0
3,63.48300382969309,1,2493.726855827639,2,4,3.304984204821208,2,27.813896912689508,1,4,2,1,2,1
3,21.589121007969162,5,4414.021427476491,2,2,2.8609705694074616,2,18.0,1,4,1,2,2,0
1,42.53505184312578,1,14338.265661936559,1,1,2.8415230309924686,3,42.99503010973632,3,4,1,2,1,1
3,39.64208192212752,5,8622.562183411459,2,2,3.965859236468434,1,43.02768136862403,2,2,3,1,2,0
1,4.0,5,3911.163344637907,3,1,1.8113452632044003,2,49.954959821989846,1,4,2,1,2,0
3,31.01074524656783,1,1697.9201185954705,3,1,2.4255983092220057,4,41.08013585023309,2,3,1,2,1,1
3,67.27834275007751,4,7406.7445249651355,5,1,1.8243502125906093,1,40.2653737897748,2,3,1,2,2,0
4,27.278403608606542,4,2728.2693510708277,1,3,3.6308780757538597,2,35.82408414632352,2,4,3,2,2,1
3,26.697401201616024,5,12889.984693272609,2,3,3.59911532159314,2,62.79534696580062,1,2,2,1,1,1
1,45.69473472147734,3,5488.123707053738,5,4,1.1514980303050575,4,18.0,1,1,3,2,1,1
4,4.0,1,15102.26671582986,2,2,3.065874696415062,2,56.910613627047326,2,4,2,2,2,1
3,50.05442242243642,1,14815.667397943693,2,1,3.7918463914697877,4,28.09810397122538,1,3,3,1,1,1
1,28.8213449270772,1,13440.92561342504,4,3,3.4793619961322877,2,40.47227296439587,3,2,1,1,1,1
4,17.056641264565798,3,10373.687406920097,1,3,2.97712045061049,2,34.73772797772659,3,4,2,2,2,1
4,52.24637773021929,4,2293.740516956327,2,1,1.9444071008893795,3,38.65187544598277,1,3,2,2,2,0
2,43.73514503966442,1,2722.060114967662,2,2,2.4180520152236005,4,46.795276169342316,2,1,1,1,2,0
3,62.771823092549944,2,3719.393874027598,4,3,1.1097521531334609,1,58.52629478494214,1,3,3,1,1,0
3,42.73498468099722,2,3695.947457489684,4,3,1.7153519301063935,1,37.87458977207014,3,2,1,2,1,0
4,38.82385402462161,3,3837.778394080174,1,3,3.8220616528594005,3,30.157259869866863,2,3,1,1,2,1
2,40.18697424057773,2,9763.402937979152,4,2,2.4794071893779694,4,45.16867517496228,2,4,1,1,1,0
3,33.461286182760205,1,22371.03670670983,5,1,1.480556056820825,1,57.30790482507028,3,1,1,1,1,1
3,18.74963752590165,5,2336.572137571237,5,2,2.9411380611241214,3,23.014114653586805,1,1,2,1,1,0
2,48.06050413402747,2,9664.280460607406,4,4,1.4076241100478555,2,75.36090941832583,1,3,3,2,2,0
2,33.72910388875092,4,10320.73446773309,3,4,2.463976418953002,1,54.47451531642045,2,1,3,1,2,0
2,51.57632152826936,4,2683.5784324167926,3,2,3.5306797950980853,1,39.082064220964604,2,4,1,2,2,0
2,23.921224289559714,3,2601.8516461572813,4,4,3.0023708292205784,4,52.30548640335832,3,1,2,2,2,1
2,20.833874951578117,3,8552.067937371885,5,3,2.8511043014004542,3,42.97700581288391,1,1,2,2,2,0
1,37.81188970009446,1,2360.8772747643325,1,4,3.2967158863345087,3,49.804497771712285,3,1,2,2,1,1
4,36.932861056759045,2,14229.749076088136,3,2,3.4113002747052263,4,50.33927915235756,1,1,1,2,1,1
2,39.79446123698938,1,4486.557505169664,1,2,2.8496702741442177,4,44.49580704711942,1,1,3,2,1,1
2,33.617270082006435,5,14096.787134779368,4,1,3.171604524484727,4,43.77594496532117,1,4,3,2,1,0
1,56.520590473512826,1,35059.30662198901,5,3,1.7958119645273452,2,37.890650779490755,1,2,1,1,1,1
4,4.0,1,6840.191137436633,5,1,3.105027610114335,4,37.055475227548875,1,2,3,1,2,1
4,25.890845929551208,5,6079.752450542875,3,3,1.3465263444866773,4,23.333742649533768,1,1,1,2,2,0
4,37.63703787154017,3,1422.190431073183,4,3,2.518981152775215,1,18.0,3,2,3,1,1,0
2,37.636564747992104,1,8872.946251148604,2,1,3.551614775795181,1,37.82515014020454,1,1,3,2,1,0
3,31.223814140258494,2,3014.0640938052006,3,4,2.340772668681815,2,31.596441651226122,1,1,2,1,2,1
4,18.54663122542802,2,1566.0736767111462,1,4,1.8693331908612603,4,53.98591493295119,1,4,2,2,1,1
1,4.0,1,3637.2112656461513,4,1,2.8377379454537017,1,41.292092457714,3,3,1,1,1,0
2,50.33194009719227,5,13872.423015617549,1,1,1.465847465508081,4,57.41015087530032,1,4,2,1,2,0
2,39.07798739201204,1,1851.6291981511147,2,2,1.7049876483488118,1,28.406966693646787,2,3,1,2,1,0
2,52.439996860353574,3,19166.466189940747,2,4,1.7594600333811419,1,35.07243287010032,2,4,1,2,1,0
3,4.0,2,26273.20411241519,3,1,2.102323848642242,1,48.92032639791054,1,2,1,2,2,1
3,18.169858946389624,2,23065.353665318034,1,1,2.2885031554364423,2,70.65053808207944,2,4,3,2,2,1
1,32.50343879574708,5,2630.5550604750233,1,1,3.45751971799145,2,46.59897457386454,1,4,1,2,1,0
1,8.738176657933629,2,11202.074114725312,1,1,1.8338069113044269,1,18.0,2,4,1,2,2,0
1,29.31225395985442,1,12488.033103658767,2,4,2.642995467738716,1,45.89265148479684,3,2,2,1,2,0
1,51.84851626813047,4,2564.874774629302,1,2,1.7777842293149904,3,35.3051321153837,2,1,3,2,1,0
1,21.111446168869982,1,11696.890206917085,4,2,1.7558032119757014,1,39.50002128511556,1,1,3,2,1,1
4,58.242790914955606,4,3802.0403175468255,3,4,2.1446717291754784,1,39.63334922119556,2,4,3,1,2,0
4,21.494275206634384,4,9500.687430410042,1,1,1.0659363642338462,2,54.70489663151104,1,4,3,2,2,0
3,49.92190283245954,4,12096.907028091266,2,1,3.141104801903988,1,49.46180977321432,3,4,1,1,1,1
3,21.438606120469153,1,1387.9359082907165,1,2,1.0275101665417108,1,40.7418910157604,1,3,3,2,2,1
4,60.507922029262716,3,12223.86252326244,5,3,2.030251515532528,4,35.83786228609461,1,2,3,2,2,1
3,42.190854884512135,2,4592.4793579111465,3,4,1.8015071679152093,4,60.41323561670664,1,4,1,2,1,1
3,43.97053528967244,1,6016.097980492221,3,2,3.962024957499023,1,45.20989417678823,3,2,1,1,2,1
4,18.434183620610888,4,6616.566745460109,4,4,2.854550691013159,3,21.130612049490672,1,2,1,2,2,1
2,23.790721888637762,1,4527.591529888413,5,4,1.3122673180031885,2,36.16070370494461,1,1,2,2,1,0
1,43.35850828762534,5,927.6805513110937,1,4,3.8361508980348558,1,63.98379456300967,1,3,2,1,1,0
2,46.561493305195874,5,5978.249653445532,4,3,1.6943717298793797,3,57.05829597825103,3,2,3,2,1,1
3,18.469793491847806,1,1868.8175036229502,3,4,3.4157269350133204,3,31.27246993522973,1,1,2,1,2,0
3,58.985204993137856,4,34522.91364639721,2,1,3.989065808689827,1,30.308688067441388,3,2,3,2,2,0
4,39.06197697588251,2,2363.531026034879,5,1,3.942594328576076,1,44.03668700392117,3,3,1,2,1,0
3,45.36300225330008,2,31470.415088013546,2,2,3.3587172657281696,2,25.78616853180025,3,3,3,2,2,1
1,42.194267504131275,5,11907.460787006788,3,1,3.9992879619938715,2,45.62566447610881,1,3,1,2,1,0
4,11.860784356730953,4,5793.188510329976,3,4,1.5486413729866908,1,28.440275688425793,3,3,3,2,1,0
1,63.63924562521629,1,2844.013696407983,3,3,3.284423668234594,1,56.13657450341118,2,3,2,2,2,0
3,62.57227619460298,5,6122.307286239262,3,3,2.834704504794758,1,30.548446325601788,2,4,1,2,2,1
1,30.43399463743095,2,5069.290900526929,4,4,3.229226902746113,1,36.50072766832201,2,3,1,1,2,1
1,71.5136554954413,1,4059.495665812077,2,4,1.7180908485176316,2,41.49649897463837,3,1,3,1,1,0
3,38.946490491028776,2,2606.37302737306,5,4,3.7240147984870537,2,30.956583684696085,3,3,1,2,1,1
1,39.569247787840354,4,3662.977948408712,5,2,1.5086504333031217,4,35.25045900960427,1,3,2,2,1,0
1,32.491600414002924,5,14917.164205558585,3,2,1.3825536722271878,4,50.440398811294244,3,1,1,2,1,0
1,33.038150698988154,3,3006.360748711193,2,4,3.6847692166703228,4,23.366362557210948,1,3,2,1,2,1
2,70.66883258316176,4,30723.386130730712,3,2,3.228044719909812,3,43.006450185586544,1,4,1,1,1,1
1,51.292164535494905,5,32015.240074351423,3,4,2.8054122812670506,3,45.94745429230673,1,3,2,1,1,0
2,38.565033867367575,3,5051.4105070599035,5,4,3.213988103229295,4,41.840097299859835,1,4,2,1,1,0
1,27.466131660906477,4,5517.387649829021,5,3,1.0283058436065704,1,45.57096115950295,2,4,2,2,2,0
1,27.6745023326192,4,1054.7439765490064,2,3,3.5450082036093167,2,18.0,3,1,3,1,1,1
4,32.3090699886632,1,1867.1867501766544,4,3,1.1516490898023273,1,33.18113146022398,2,4,1,2,2,0
4,17.694257342455593,2,8250.291672067504,4,4,2.5466350938994213,1,18.0,2,4,2,2,2,0
2,39.93048656326337,1,2684.1414635295314,5,3,1.0943557844962855,4,65.57078649698701,3,2,1,1,1,0
1,62.8468240783991,1,457.0488511927814,2,3,3.2597274109734493,1,32.798286383917834,1,1,1,2,1,0
3,58.476023980563845,5,3436.8794924512117,2,2,1.8238544130689864,2,45.63273555703408,2,3,2,2,1,0
4,4.0,2,5615.321250265227,2,1,2.3355290319510145,2,44.785775139528155,1,3,2,2,1,1
1,38.00753869422776,3,64002.57262788897,4,4,3.955175664922299,3,28.589790142905613,2,1,2,2,2,1
2,4.0,5,2540.6863607660207,1,4,3.257809877283041,3,27.902521828185968,2,1,2,2,1,1
2,51.306607861890114,4,3658.0614712800907,2,4,1.3378486584185323,3,45.111049566674936,1,1,1,1,2,0
4,34.94045400356863,1,7451.2588396362,1,3,3.858791650504655,3,39.9659864628332,3,2,2,1,2,1
4,72.0,2,12701.418817271953,5,3,2.417656284468851,3,42.33490131999706,2,4,1,2,2,0
1,43.853919517968215,2,4022.6701690313994,5,1,3.5073415117558175,4,38.66281129175089,1,3,1,2,1,0
3,19.01475671091362,5,9053.13235247208,4,1,1.3878562605808984,2,18.0,2,3,3,1,1,0
3,10.876009749404869,5,4013.824040812994,2,1,1.333222558338814,2,18.0,3,3,1,2,1,0
2,37.19098534958505,1,15110.474127289512,1,4,1.7909008355777307,3,43.58726968208845,2,4,3,2,2,1
3,41.198815713144946,2,11611.362441708301,3,4,1.0891971392437836,3,57.20420522248567,3,1,1,1,2,0
4,28.382127980156582,4,16785.672781370842,2,3,2.8394076786393416,1,48.29388692603254,1,4,3,2,2,0
4,32.44721262118726,5,10427.729065706351,5,2,1.5381927624323786,1,18.0,1,3,1,2,2,0
2,22.498531112629838,4,5335.250406715124,5,1,3.8397661829532357,4,18.0,1,3,1,1,1,0
3,39.47272618349552,2,18597.466200728246,4,1,3.9900814130404,2,66.30687323687701,3,3,2,2,1,1
3,27.845954741477144,1,1000.3459895190841,5,1,3.7599530237874985,1,55.993423689045855,1,4,1,2,1,1
2,26.285957875320037,2,805.7686974896361,5,1,1.796348487759059,3,21.055022733626796,3,3,1,2,2,1
4,14.901198600587168,1,23693.028716157954,2,3,2.299658565825555,2,47.4535960923768,3,3,3,1,1,0
1,66.74393683209742,1,11127.567383667594,1,2,2.039416236597294,3,57.5322768732529,3,3,3,1,2,1
3,20.25075188831946,5,1691.62531928378,2,2,2.182468314251097,2,57.896303572982546,2,3,3,2,2,0
1,49.03184369137966,3,10305.123572361146,4,4,3.471528910902987,3,42.29135025722883,1,3,3,2,1,0
